W,"seg3_state2_value__change_quantiles__f_agg_""mean""__isabs_False__qh_0.8__ql_0.2","seg3_state3_value__fft_coefficient__attr_""angle""__coeff_76","seg3_state3_value__fft_coefficient__attr_""angle""__coeff_95",seg3_state3_value__ratio_beyond_r_sigma__r_0.5,"seg3_state4_value__fft_coefficient__attr_""angle""__coeff_96","seg4_state1_value__fft_coefficient__attr_""angle""__coeff_28","seg4_state1_value__fft_coefficient__attr_""angle""__coeff_81","seg4_state2_value__fft_coefficient__attr_""angle""__coeff_99","seg4_state3_value__fft_coefficient__attr_""angle""__coeff_44","seg4_state3_value__fft_coefficient__attr_""imag""__coeff_78","seg4_state4_value__fft_coefficient__attr_""angle""__coeff_43","seg4_state4_value__fft_coefficient__attr_""imag""__coeff_51","seg5_state1_value__fft_coefficient__attr_""angle""__coeff_39","seg5_state2_value__fft_coefficient__attr_""angle""__coeff_32","seg5_state3_value__fft_coefficient__attr_""angle""__coeff_91","seg5_state3_value__fft_coefficient__attr_""angle""__coeff_92",seg5_state3_value__sum_of_reoccurring_data_points,seg5_state3_value__sum_of_reoccurring_values,"seg5_state4_value__change_quantiles__f_agg_""mean""__isabs_False__qh_0.6__ql_0.2","seg6_state1_value__fft_coefficient__attr_""angle""__coeff_59",seg6_state2_value__lempel_ziv_complexity__bins_5,"seg6_state3_value__fft_coefficient__attr_""angle""__coeff_18","seg6_state3_value__fft_coefficient__attr_""real""__coeff_48",seg6_state3_value__index_mass_quantile__q_0.8,seg6_state3_value__index_mass_quantile__q_0.9,seg7_state1_value__energy_ratio_by_chunks__num_segments_10__segment_focus_5,"seg7_state1_value__fft_coefficient__attr_""angle""__coeff_22",seg7_state2_value__large_standard_deviation__r_0.1,"seg7_state4_value__fft_coefficient__attr_""angle""__coeff_16","seg7_state4_value__fft_coefficient__attr_""real""__coeff_36","seg8_state1_value__fft_coefficient__attr_""angle""__coeff_17","seg8_state1_value__fft_coefficient__attr_""real""__coeff_0",seg8_state1_value__sum_values,"seg8_state2_value__fft_coefficient__attr_""angle""__coeff_2","seg8_state4_value__fft_coefficient__attr_""angle""__coeff_17","seg8_state4_value__fft_coefficient__attr_""angle""__coeff_36","seg9_state1_value__fft_coefficient__attr_""imag""__coeff_84","seg9_state2_value__fft_coefficient__attr_""angle""__coeff_70","seg9_state3_value__fft_coefficient__attr_""angle""__coeff_57",seg9_state4_value__partial_autocorrelation__lag_7,Class
65,6.396697699528886e-06,3.197728157043457,12.21754550933838,0.2338709677419354,14.022597312927246,29.6513614654541,-84.49385070800781,131.48501586914062,152.9989776611328,-1.261008620262146,-132.94664001464844,-0.0158134307712316,59.427371978759766,-158.59341430664062,60.486289978027344,137.07716369628906,0.2554931640625,0.110260009765625,6.64922936266521e-06,37.69547271728516,0.1166666666666666,149.73663330078125,0.0039881952106952,0.8109756097560976,0.8975609756097561,0.054338801652193,-17.279571533203125,0.0,161.24488830566406,-0.0014750198461115,-100.59986114501952,-0.067352294921875,-0.067352294921875,-146.5620880126953,-141.63308715820312,173.45993041992188,-0.1736290603876114,-72.39421081542969,-105.19380950927734,-0.1652332473320185,0
58,-4.713605903816642e-06,-90.05224609375,-156.43124389648438,0.2661971830985915,38.672359466552734,-43.61420822143555,-72.71363830566406,170.81396484375,-68.94583892822266,-0.244361013174057,44.09946823120117,0.0298256799578666,0.2514967024326324,178.5514678955078,157.63223266601562,145.43453979492188,-0.065155029296875,-0.0240478515625,-1.2835200777772116e-06,134.0420379638672,0.0428571428571428,42.95840835571289,0.0222220867872238,0.803968253968254,0.8865079365079365,0.0859434232115745,-78.85636138916016,0.0,122.9260025024414,-0.0171032156795263,-65.99446868896484,-0.03680419921875,-0.03680419921875,50.196102142333984,109.732177734375,165.88323974609375,0.0490813478827476,-74.00736236572266,117.57684326171876,-0.0404645189175756,1
59,2.645677113832789e-06,106.43195343017578,-24.09575843811035,0.3569620253164557,50.25670623779297,87.91122436523438,-171.70387268066406,36.695220947265625,99.1297378540039,0.0421575829386711,61.45315933227539,-0.0103379050269722,-113.31475830078124,-142.5652618408203,-137.20150756835938,43.54101943969727,-0.00457763671875,0.013275146484375,5.991361831547692e-06,103.85363006591795,0.0967213114754098,-31.40925407409668,0.0044757751747965,0.813953488372093,0.8912790697674419,0.1101833805441856,65.57976531982422,0.0,142.5164794921875,0.0075244628824293,66.04689025878906,-0.024200439453125,-0.024200439453125,-153.4058380126953,-142.009033203125,-154.35385131835938,-0.0184619724750518,174.45156860351562,53.16918182373047,-0.1375370921684459,0
57,2.0788540950889e-06,-0.5435314774513245,39.570648193359375,0.4518292682926829,-93.26042175292967,178.34429931640625,-170.5475311279297,60.31291961669922,12.078994750976562,-0.0650716722011566,176.00086975097656,-0.0105213923379778,13.161267280578612,72.87981414794922,-177.1140899658203,24.65896797180176,-0.10308837890625,-0.032684326171875,-1.801775795229333e-07,-31.460811614990234,0.076771653543307,114.2815933227539,0.0326132625341415,0.8032051282051282,0.8852564102564102,0.039201159030199,43.68001174926758,0.0,-25.48431968688965,0.0082924822345376,-163.97622680664062,-0.05926513671875,-0.05926513671875,-176.0973358154297,-103.13121032714844,54.00648880004883,0.0778907015919685,-168.3750762939453,-144.04588317871094,-0.0689298379311638,0
68,-5.904684257984627e-06,-77.49127960205078,16.161012649536133,0.2050632911392405,49.57566452026367,-179.87350463867188,23.660524368286133,156.6276092529297,-176.90139770507812,-0.1394892334938049,48.31258392333984,0.0201649963855743,-31.58853530883789,-25.00901985168457,-155.942138671875,11.947797775268556,-0.071380615234375,-0.032196044921875,1.5003869293650496e-06,-93.37809753417967,0.0814102564102564,150.84002685546875,-0.0130509585142135,0.7597402597402597,0.9077922077922078,0.0104324836283922,-123.61139678955078,0.0,166.54559326171875,-0.0406377874314785,114.02357482910156,-0.12164306640625,-0.12164306640625,-24.196935653686523,128.96826171875,58.48072052001953,0.1808089315891266,163.166259765625,159.57264709472656,0.0123987662272109,1
64,-4.448784693522612e-06,163.5646209716797,50.93594741821289,0.3796875,64.22026062011719,-23.7805233001709,46.252891540527344,177.6658477783203,-153.82571411132812,-0.0002250373072456,-145.19020080566406,0.0083085233345627,155.07801818847656,135.58221435546875,-92.68478393554688,-80.45956420898438,0.011688232421875,0.00640869140625,2.015867039517616e-06,-126.94219207763672,0.125,128.56385803222656,-0.0445434302091598,0.7769230769230769,0.813076923076923,0.0550135448575019,37.95075607299805,0.0,136.13284301757812,0.0040217814967036,-70.1070556640625,-0.052337646484375,-0.052337646484375,2.8412790298461914,41.080810546875,54.366458892822266,0.1067956313490867,-172.16253662109375,-73.39257049560547,-0.1177122667914827,0
56,2.797211493543728e-07,-35.53745651245117,173.57798767089844,0.3651515151515151,25.7541732788086,-152.3839874267578,-174.62307739257812,147.67919921875,25.552654266357425,-0.3458476364612579,-34.084754943847656,0.0069617233239114,77.18292236328125,-53.75285720825195,-165.52110290527344,88.18302154541016,0.0419921875,0.0009765625,5.444335783977294e-06,-41.25653076171875,0.0722222222222222,60.9605712890625,0.0303110238164663,0.7761538461538462,0.8784615384615385,0.0659167617559433,165.46475219726562,0.0,70.20529174804688,-0.0238401964306831,-47.83259582519531,-0.03857421875,-0.03857421875,-107.22705841064452,11.21868133544922,99.6503677368164,0.1601393073797226,-149.80636596679688,178.0565643310547,-0.0692485526556748,0
65,-7.742782145214733e-06,23.14677619934082,149.60484313964844,0.1767123287671232,104.45855712890624,43.65986251831055,-29.60570526123047,49.94663619995117,-118.92691040039062,-0.3676182329654693,114.50762176513672,0.0085553973913192,-114.97590637207033,-42.98946762084961,170.90101623535156,154.08274841308594,-0.071380615234375,-0.019622802734375,3.879144969687332e-06,-50.95283889770508,0.043,113.82765197753906,0.0063097272068262,0.81,0.9014285714285716,0.1052978336811065,91.85514068603516,0.0,-4.285542011260986,-0.052003838121891,-88.78321075439453,-0.09002685546875,-0.09002685546875,-126.9015121459961,14.609346389770508,126.38460540771484,-0.0847849920392036,87.37506866455078,44.35218048095703,-0.1063776844386005,1
54,-1.513268330199935e-06,-176.94830322265625,-90.6974639892578,0.2194915254237288,-103.02794647216795,-0.3380671143531799,76.65867614746094,19.42239570617676,-47.61172103881836,0.0902352109551429,-33.35361099243164,0.0060886703431606,-92.5964813232422,35.41707229614258,-19.490381240844727,102.31397247314452,-0.004180908203125,0.00555419921875,1.462662112317048e-06,-11.46778964996338,0.0720588235294117,129.65097045898438,-0.0233010090887546,0.795,0.8925,0.0937118753790855,-51.14160919189453,0.0,49.85811233520508,-0.0002936256350949,-45.64552688598633,-0.04449462890625,-0.04449462890625,59.80213165283203,93.90618896484376,-44.08727645874024,0.0972437039017677,-133.63182067871094,88.98725128173828,-0.197619302785926,1
43,-1.3313913314050296e-06,-55.96831893920898,94.04412078857422,0.2514705882352941,-99.75395965576172,32.05548095703125,164.79083251953125,82.18693542480469,91.77252960205078,0.0009852979565039,142.6792755126953,0.0034632529132068,-65.33841705322266,37.720176696777344,169.5894317626953,-4.364384174346924,-0.172882080078125,-0.0404052734375,-3.827455543614633e-07,179.51675415039062,0.0720183486238532,67.27153015136719,-0.0047943694517016,0.7535714285714286,0.8657142857142858,0.4654368460178375,-45.80477142333984,0.0,-114.59124755859376,-0.0104367267340421,2.4506871700286865,-0.0450439453125,-0.0450439453125,-59.16053009033203,-82.66710662841797,6.495277404785156,-0.0620313286781311,-60.02554702758789,-114.61817169189452,-0.0647656073613145,1
56,1.7528928992760484e-06,100.22274017333984,73.45355224609375,0.2175,138.3924560546875,146.34158325195312,-132.2305145263672,167.33558654785156,88.02904510498047,0.1309857070446014,86.32689666748047,-0.0014549905899912,51.24795913696289,28.74373817443848,-119.69711303710938,-86.450927734375,-0.0010986328125,-0.0115966796875,-4.589651325659361e-06,-117.9257583618164,0.1260504201680672,-42.5030403137207,-0.0106021752581,0.6746268656716418,0.8664179104477612,0.0354686267673969,136.5424346923828,0.0,-26.532058715820312,-0.0068241716362535,122.63700103759766,-0.043365478515625,-0.043365478515625,-97.72510528564452,-113.12564849853516,134.8109130859375,0.0847291350364685,-81.55670166015625,68.33808898925781,-0.1851378603449039,0
79,-3.150291149722761e-06,71.92442321777344,-30.01653289794922,0.234375,-59.26771545410156,-142.8422393798828,29.69372940063477,-90.73978424072266,63.03084564208984,0.311258852481842,150.05743408203125,0.0179293397814035,-15.741975784301758,-130.2248077392578,134.39622497558594,145.99807739257812,-0.009552001953125,0.007781982421875,-4.048694336233893e-06,25.152463912963867,0.1357843137254901,124.71525573730467,0.1818735152482986,0.8469696969696969,0.8681818181818182,0.0322005599737167,-104.84901428222656,1.0,148.8352508544922,-0.0064540528692305,145.9982147216797,-0.004241943359375,-0.004241943359375,-73.83706665039062,59.43996810913086,156.4928741455078,-0.1316276341676712,-28.40882873535156,-45.10731506347656,0.0195957382635916,1
86,-2.9802322387695312e-06,-56.73773193359375,-107.04739379882812,0.2692307692307692,108.11065673828124,12.360882759094238,80.61395263671875,62.54189682006836,100.30748748779295,-0.0724455043673515,-141.7625732421875,0.0003939011367037,89.43352508544922,151.32899475097656,-130.1006317138672,105.89317321777344,-0.07049560546875,-0.02496337890625,-5.270738867579895e-08,-140.59425354003906,0.0678571428571428,-66.36124420166016,0.0245831124484539,0.5923076923076923,0.8012820512820513,0.090963676571846,-139.8394317626953,0.0,4.651951313018799,-0.0021501637529581,-32.868743896484375,-0.05810546875,-0.05810546875,-94.0352554321289,-126.00801849365234,-151.6476593017578,0.0143533190712332,-8.169970512390137,-169.6601104736328,-0.1097336797345304,0
67,-2.936671990028117e-06,-133.11245727539062,35.43018341064453,0.248314606741573,118.08161163330078,-131.2102508544922,132.93434143066406,67.41490173339844,-173.14491271972656,-0.1367214471101761,122.35812377929688,-0.0035010701976716,15.749521255493164,17.890262603759766,-61.852725982666016,-36.57343292236328,-0.017486572265625,-0.000762939453125,-6.10351571594947e-06,178.26251220703125,0.065983606557377,52.132083892822266,0.0144532900303602,0.8398305084745763,0.9271186440677966,0.1243612393736839,-175.42147827148438,1.0,-103.2305908203125,0.0030477864202111,-154.7041778564453,-0.06585693359375,-0.06585693359375,170.96910095214844,92.21317291259766,39.98158645629883,-0.0149946976453065,-23.02515411376953,-7.661660671234131,-0.1884569455017599,1
84,-6.41029373582569e-07,149.2382049560547,58.01624298095703,0.32,100.95525360107422,-62.0238151550293,-39.0222053527832,-5.615726470947266,-97.1330337524414,0.1441268324851989,-41.85213088989258,-0.0377172343432903,19.520612716674805,110.05398559570312,131.1661376953125,13.864046096801758,0.400634765625,0.183990478515625,-7.054922548377363e-07,-158.15818786621094,0.0392156862745098,148.49819946289062,0.2532596290111542,0.782,0.876,0.0693287551403045,-57.83821487426758,0.0,119.98556518554688,-0.0304552726447582,-130.5843963623047,-0.040802001953125,-0.040802001953125,-32.0791130065918,-40.26115798950195,120.43712615966795,0.4746574461460113,-127.74220275878906,164.71505737304688,-0.2077740645572305,0
55,-3.4245147162437206e-06,-0.0707561001181602,110.67072296142578,0.30078125,80.20311737060547,-159.0214080810547,147.237060546875,-165.29525756835938,-89.59800720214844,0.364762395620346,21.40704917907715,-0.0301267672330141,-123.78273010253906,-18.94475555419922,144.6561737060547,137.2995147705078,-0.082244873046875,-0.04443359375,5.338351911632344e-07,60.13324737548828,0.1394736842105263,-104.07302856445312,-0.1999529898166656,0.771875,0.87890625,0.1145262122154235,-82.11311340332031,0.0,105.77762603759766,-0.012340928427875,82.27267456054688,-0.05560302734375,-0.05560302734375,12.430459022521973,11.65740203857422,171.1273651123047,-0.0588405691087245,-67.7824935913086,-48.82242965698242,-0.0838172962014495,1
64,5.181715891922067e-07,-121.44031524658205,62.682464599609375,0.308974358974359,-179.086181640625,-96.45233154296876,58.92974472045898,22.595338821411133,-160.98162841796875,0.6980882883071899,23.695358276367188,-0.0150475883856415,-33.8909912109375,-115.04450988769533,92.55059051513672,95.92097473144533,-0.53143310546875,-0.20166015625,4.08482264901977e-06,16.495262145996094,0.1069672131147541,132.0177001953125,-0.045294165611267,0.7563291139240507,0.8810126582278481,0.1125514805316925,36.66078186035156,0.0,-158.35577392578125,0.0015272600576281,137.4263916015625,-0.074188232421875,-0.074188232421875,-153.8971710205078,79.33860778808594,116.4005889892578,0.1771066486835479,73.37262725830078,-14.85239028930664,-0.1144668659524383,1
80,-4.044498382427264e-06,137.43453979492188,142.1724395751953,0.3352564102564102,133.64613342285156,-103.0927963256836,142.73593139648438,52.270164489746094,20.705320358276367,0.0869941413402557,-81.27290344238281,-0.1571667045354843,41.63118362426758,27.47881317138672,-133.9016571044922,20.997413635253903,-0.03216552734375,-0.013275146484375,-1.5382844139821827e-05,-40.30226135253906,0.0693181818181818,-19.760103225708008,-0.0741173923015594,0.7917721518987342,0.9056962025316456,0.1167877241969108,151.55691528320312,0.0,91.466796875,0.008522504940629,-168.01034545898438,-0.073883056640625,-0.073883056640625,-32.26939392089844,-176.44873046875,7.187317848205566,0.3758583068847656,-146.0367889404297,10.24685764312744,-0.1057133847781607,0
69,-3.99046803067904e-06,108.86632537841795,34.705623626708984,0.3266666666666666,27.08139610290528,-26.4157943725586,96.53974151611328,133.3535614013672,-148.9045867919922,0.712296724319458,-71.17169952392578,0.005765167530626,-155.07118225097656,71.04454040527344,126.30924224853516,-92.57869720458984,0.43280029296875,0.224151611328125,-3.0892026643414283e-06,-154.2812957763672,0.1012987012987013,-3.700960159301758,0.4047954082489013,0.7811320754716982,0.8433962264150944,0.0950913950800895,-9.90965461730957,0.0,-110.31848907470705,-0.0197037179023027,-127.21219635009766,-0.0299072265625,-0.0299072265625,-123.59242248535156,-72.90647888183594,-83.51604461669922,0.5042595267295837,113.96761322021484,76.63005065917969,-0.1138444958636531,0
66,6.210327228473034e-06,-73.16687774658203,-146.84854125976562,0.3640625,-118.59349060058594,-91.1067123413086,10.99453830718994,-140.9691162109375,11.560688018798828,-0.1876033693552017,-164.54405212402344,-0.0052848849445581,-117.83643341064452,-22.588212966918945,3.718104124069214,-103.7339096069336,-0.18829345703125,-0.050201416015625,4.485292265599128e-06,55.18439483642578,0.118503937007874,83.06460571289062,-0.0036284774541854,0.85,0.9430379746835444,0.2082611918449401,123.99532318115234,0.0,70.90802764892578,0.003911396022886,89.94263458251953,-0.076385498046875,-0.076385498046875,68.26614379882812,17.045249938964844,18.55756187438965,0.15591961145401,-158.8548583984375,80.2518081665039,-0.0278666051873095,1
45,6.499613846244756e-06,96.4593505859375,-85.18451690673828,0.365,-58.265235900878906,-78.94290161132812,-132.5999755859375,103.12356567382812,-56.56999969482422,0.198506087064743,-82.48843383789062,-0.0384721681475639,67.98593139648438,143.81285095214844,-17.148176193237305,-110.68363189697266,0.01104736328125,-0.00433349609375,2.41634779740707e-06,-83.16460418701172,0.0847457627118644,3.719764232635498,0.0626709386706352,0.8578947368421053,0.8973684210526316,0.0210155546665191,64.28230285644531,0.0,169.14419555664062,0.0215332135558128,83.4389877319336,-0.035064697265625,-0.035064697265625,-109.71167755126952,-178.25672912597656,102.55422973632812,-0.0919002294540405,175.433349609375,-109.8721694946289,-0.025305507630737,0
72,5.532767204385891e-07,74.23611450195312,-21.239233016967773,0.3707692307692308,-103.96512603759766,-55.12836837768555,-0.6123929023742676,109.8369369506836,-127.7199249267578,0.2284870445728302,141.44493103027344,0.003439177526161,-90.40635681152344,-170.72544860839844,155.2453155517578,-121.3531494140625,-0.259429931640625,-0.063812255859375,9.097511792788282e-06,-87.8238296508789,0.0424731182795698,83.30057525634766,-0.0055310819298028,0.7818181818181819,0.8765151515151515,0.0429356731474399,-99.58303833007812,1.0,-92.42008972167967,-0.0025829514488577,-83.22821807861328,-0.04229736328125,-0.04229736328125,-34.03001022338867,-20.269832611083984,43.80169677734375,-0.0273323468863964,-157.14483642578125,-175.29345703125,-0.1469492549916482,1
68,2.081819275190356e-06,-109.94518280029295,72.98239135742188,0.3369565217391304,179.4614715576172,76.28240966796875,-8.388973236083984,12.380694389343262,55.25670623779297,-0.1817159354686737,-59.64160919189453,0.0250889398157596,-151.74154663085938,-50.57013702392578,33.01323699951172,-134.9705047607422,0.4483642578125,0.186676025390625,5.657489509758307e-06,169.1602020263672,0.1506578947368421,-58.58328628540039,-0.013925826177001,0.7734939759036145,0.8903614457831325,0.0945178270339965,130.4806365966797,0.0,67.17678833007812,0.0232641920447349,-106.1633071899414,-0.0877685546875,-0.0877685546875,-28.2791748046875,-123.24797821044922,-78.27375030517578,-0.1463129073381424,81.98391723632812,73.94361877441406,-0.0682346168921129,0
60,2.2665574306302005e-06,-38.378021240234375,-137.05557250976562,0.3507462686567164,161.9903564453125,64.6544189453125,-60.87973785400391,-38.97815704345703,-46.66928482055664,-0.0519522652029991,96.21623992919922,-0.091319166123867,159.69256591796875,117.84066772460938,42.83381652832031,-153.8853302001953,0.2608642578125,0.07330322265625,-1.5035745491331907e-05,-17.93317985534668,0.0400763358778625,84.62945556640625,0.0045383381657302,0.8144736842105263,0.8921052631578947,0.0694846510887146,125.66458129882812,0.0,35.0113639831543,-0.0094128968194127,170.3204803466797,-0.021270751953125,-0.021270751953125,27.1323299407959,66.837646484375,-85.18235778808594,-0.1739054024219513,124.42713928222656,-134.46849060058594,-0.1610352643548908,0
52,4.073390300618485e-06,108.26765441894533,-140.86720275878906,0.4079365079365079,105.85884857177734,-98.44574737548828,75.02538299560547,4.0478515625,118.48938751220705,-0.2489030808210373,-111.4633331298828,0.0039837048389017,124.92919921875,-171.06236267089844,-73.75919342041016,50.42623519897461,0.03533935546875,0.04522705078125,-5.372949090087786e-06,133.9453125,0.0475,107.3672866821289,0.2477222681045532,0.7580645161290323,0.8524193548387097,0.0730161294341087,-131.71751403808594,0.0,137.877685546875,0.0050850827246904,39.85368728637695,0.091552734375,0.091552734375,-60.7398567199707,-32.13788986206055,-8.629562377929688,0.7924418449401855,166.83682250976562,-169.47467041015625,-0.1244606480973868,0
72,-7.067228580126539e-07,111.96283721923828,12.822872161865234,0.2387096774193548,-122.76760864257812,-107.3431625366211,109.70743560791016,-91.28514862060548,-175.6758270263672,0.0954496264457702,159.01898193359375,-0.0101779047399759,166.35504150390625,-110.62971496582033,-139.36305236816406,163.1631317138672,-0.150054931640625,-0.031951904296875,-6.061550834601803e-07,75.00025177001953,0.0955357142857142,-11.735184669494627,-0.0148302400484681,0.8172727272727273,0.9190909090909092,0.0628761947154998,110.88552856445312,0.0,-162.49452209472656,-0.0056149209849536,-32.82076644897461,-0.0203857421875,-0.0203857421875,-64.8315658569336,-104.63372802734376,-68.25186157226562,0.2538464367389679,-51.29003143310547,20.15987205505371,-0.0661121194799504,1
62,-1.44695411563589e-06,132.84744262695312,16.815473556518555,0.2524390243902439,-66.13920593261719,86.75785064697266,116.08636474609376,-36.1308479309082,-144.076416015625,-0.0584048293530941,-107.87451934814452,-0.0132605284452438,102.19699096679688,73.19901275634766,-61.85042953491211,67.16382598876953,-0.0067138671875,-0.000640869140625,-4.634037850337336e-06,27.5455379486084,0.0775862068965517,-156.00076293945312,-0.0220446363091468,0.8,0.8980263157894737,0.0788254216313362,100.1674346923828,0.0,97.6797866821289,0.0013658654643222,-154.1231689453125,-0.05780029296875,-0.05780029296875,-176.06834411621094,2.286450147628784,-161.4636993408203,0.0286627076566219,69.85845947265625,-163.31161499023438,-0.115612230413447,0
58,1.2673622222791892e-05,135.001220703125,47.54646301269531,0.2579710144927536,-20.81351852416992,-149.89202880859375,-145.47413635253906,-115.0497055053711,-25.659114837646484,0.2132818549871444,19.168664932250977,-0.000719113566447,-50.27793502807617,-177.9199981689453,65.91156005859375,42.33180236816406,-0.037261962890625,-0.031829833984375,4.300085947761545e-06,147.9528045654297,0.0418181818181818,14.27338981628418,0.2710839211940765,0.806060606060606,0.8727272727272727,0.0159758161753416,31.74564743041992,0.0,141.9436492919922,-0.0030193072743713,177.38919067382812,-0.154815673828125,-0.154815673828125,146.57171630859375,-137.06350708007812,171.53973388671875,-0.4937200546264648,-84.18843841552734,-126.4962387084961,-0.0830885552560002,1
68,5.5585587688256055e-06,-125.29947662353516,61.55573654174805,0.5551470588235294,-33.824546813964844,-32.917449951171875,-96.57228088378906,-127.8902359008789,35.199806213378906,-0.4340545833110809,116.36802673339844,-0.0032182857394218,106.29377746582033,39.297149658203125,-101.4362335205078,21.850942611694336,-0.04827880859375,-0.020904541015625,-6.17644764133729e-06,-15.039278984069824,0.1264044943820224,-179.1083221435547,-0.1814849078655243,0.7964285714285714,0.8904761904761904,0.0259766802191734,-151.0938720703125,0.0,2.356474637985229,0.0308195129036903,-108.94126892089844,-0.0052490234375,-0.0052490234375,47.2878532409668,-15.341304779052734,-25.11220359802246,0.2105917036533355,152.30470275878906,153.94198608398438,-0.071803161608394,0
56,-3.537504653650103e-06,173.8040313720703,68.5205078125,0.2829896907216495,78.15941619873047,46.463680267333984,-60.66867065429688,163.9355926513672,160.2652130126953,0.0969589427113533,16.96053123474121,-0.0382525473833084,19.404823303222656,160.92068481445312,7.533809661865234,44.93879318237305,-0.1141357421875,-0.05316162109375,-6.834052328485996e-06,-81.91415405273438,0.0891891891891892,-114.5234375,0.0483878552913665,0.776595744680851,0.9223404255319148,0.0266558472067117,9.433988571166992,0.0,36.25566864013672,0.0210499353706836,-177.6698760986328,-0.0595703125,-0.0595703125,-15.93643856048584,137.61729431152344,134.52593994140625,0.0457862690091133,156.44540405273438,-171.1313018798828,-0.1505601427409872,0
91,2.0630435756174847e-05,-124.69181060791016,-105.9097671508789,0.39,-153.27308654785156,167.12918090820312,8.237555503845215,103.6545639038086,-102.30977630615234,0.2098229378461837,43.02650451660156,0.0268442891538143,61.00304412841797,-118.04954528808594,178.7270050048828,60.894981384277344,-0.413787841796875,-0.22723388671875,1.6257462220892196e-07,160.9998016357422,0.0865979381443299,86.60234832763672,-0.1247942894697189,0.7888059701492537,0.8783582089552239,0.0697567537426948,-145.47605895996094,0.0,-31.748455047607425,0.0023897697683423,158.1956024169922,-0.124053955078125,-0.124053955078125,-33.652854919433594,103.51966094970705,113.34835815429688,0.4165279865264892,-95.92591094970705,79.85993957519531,-0.0286035775301377,1
51,7.837407792976592e-06,14.593936920166016,165.28916931152344,0.4654929577464788,174.40408325195312,72.6675033569336,-118.7793960571289,-168.9010009765625,174.1189422607422,0.0924272462725639,-89.84092712402344,-0.0176349468529224,92.30123901367188,164.30279541015625,78.6529769897461,26.3599910736084,-0.076446533203125,-0.0130615234375,-9.526358553557657e-06,-58.623985290527344,0.0956204379562043,-162.55787658691406,-0.0028147255070507,0.7902298850574713,0.9005747126436782,0.0752202123403549,148.1964569091797,0.0,-127.95679473876952,0.0036094370298087,-134.8899383544922,-0.0419921875,-0.0419921875,24.551401138305664,-28.8791732788086,15.827513694763184,-0.1254091113805771,-8.180109977722168,81.96187591552734,-0.1141251523917796,0
60,1.3254380064608997e-05,134.02566528320312,29.5047550201416,0.4482456140350877,10.772615432739258,-32.468624114990234,-23.19621658325196,128.8053436279297,101.2574462890625,-0.7527223229408264,-1.4606138467788696,0.0859303101897239,-58.59695053100586,-47.02588653564453,-27.407527923583984,166.3124542236328,0.349517822265625,0.14617919921875,-8.317416359204799e-06,-66.65640258789062,0.0646739130434782,-23.75264549255371,0.2991186082363128,0.7661016949152543,0.8576271186440678,0.1773175001144409,119.0931167602539,0.0,-170.39881896972656,0.0244512427598238,-116.3694305419922,-0.107666015625,-0.107666015625,-169.3555908203125,-11.269850730895996,174.92100524902344,1.212615728378296,47.48088836669922,-129.25401306152344,-0.1283222970972374,0
71,-2.105907697114162e-05,-60.15056610107422,-4.258597373962402,0.4176923076923077,18.2384090423584,-123.94010925292967,7.672106742858887,85.6504898071289,40.08453750610352,0.6627206802368164,77.42463684082031,0.0456353425979614,-178.61460876464844,-67.8955078125,64.36054229736328,-69.14741516113281,-0.21917724609375,-0.14581298828125,-1.1077809176640583e-06,-50.09515380859375,0.1048951048951049,44.922550201416016,-0.0575642213225364,0.7090425531914893,0.8691489361702127,0.0872145295143127,18.341716766357425,0.0,69.94396209716797,-0.0286897011101245,126.13646697998048,-0.112884521484375,-0.112884521484375,-62.11474609375,154.75143432617188,125.07659912109376,0.1090137809514999,-24.483009338378903,-35.50193786621094,-0.1337222984709541,1
62,-6.807995305280201e-07,124.89783477783205,-5.789553642272949,0.3793103448275862,-24.94447135925293,91.59800720214844,-140.57984924316406,-105.29246520996094,50.82036972045898,-0.0622376911342144,66.25253295898438,0.0056385253556072,-127.27904510498048,135.8512725830078,8.404254913330078,-65.38467407226562,-0.24822998046875,-0.082855224609375,-7.236126748466631e-06,-31.488927841186523,0.0682692307692307,40.84169006347656,0.0056291413493454,0.7982758620689655,0.8594827586206897,0.0162138659507036,-92.4213638305664,0.0,104.60020446777344,0.0109827211126685,-122.75784301757812,-0.0054931640625,-0.0054931640625,155.96022033691406,-54.08329772949219,-112.23318481445312,0.0615352652966976,41.29365158081055,-177.07650756835938,-0.1947417495967921,0
60,1.2361550943751354e-05,-3.4073052406311035,169.27821350097656,0.3671875,65.10232543945312,-90.79977416992188,-161.08750915527344,120.65138244628906,146.19174194335938,0.3082975447177887,83.27176666259766,0.0016343228053301,-137.5229034423828,141.0830841064453,-176.70338439941406,93.78060913085938,0.052703857421875,0.053863525390625,-5.033068191551138e-06,138.12889099121094,0.0991596638655462,33.386558532714844,0.0143498471006751,0.8,0.9098591549295776,0.0557066611945629,161.54454040527344,0.0,28.43512535095215,0.0471221953630447,138.94349670410156,0.002532958984375,0.002532958984375,53.955196380615234,-178.4375762939453,-158.28396606445312,0.2734245359897613,62.54937744140625,-65.34599304199219,-0.1733749942983287,0
55,-2.992729605466593e-05,108.29778289794922,-123.10560607910156,0.2985507246376812,-51.21590423583984,-137.9475555419922,141.30630493164062,91.12955474853516,-154.80923461914062,0.3558187484741211,122.29428100585938,0.0132538750767707,-76.6593017578125,-123.69027709960938,141.37278747558594,87.2019271850586,-0.232696533203125,-0.109954833984375,6.1127425396989565e-06,15.921382904052734,0.0419047619047619,129.1092071533203,-0.0756107941269874,0.7412162162162163,0.8533783783783784,0.0374844819307327,100.95633697509766,0.0,-62.87829208374024,0.0525356456637382,-139.07119750976562,-0.08990478515625,-0.08990478515625,107.66461944580078,157.6488494873047,-87.30231475830078,-1.620601773262024,-85.62330627441406,109.55867004394533,-0.2179437207680745,1
62,-2.093403963954188e-05,-113.90743255615234,11.860185623168944,0.505625,152.93035888671875,96.12773895263672,167.59725952148438,-101.79934692382812,-91.31600189208984,0.0361678265035152,-140.0452880859375,-0.0033646316733211,-143.2069091796875,-110.78031158447266,142.0618896484375,120.15621185302734,-0.1341552734375,-0.136993408203125,4.696903488365933e-06,58.12620162963867,0.0817708333333333,96.03317260742188,-0.0015029023634269,0.8447674418604652,0.9290697674418604,0.1775782406330108,-85.14136505126953,0.0,40.49198913574219,-0.0175585597753524,-125.1745147705078,-0.11334228515625,-0.11334228515625,-126.45407104492188,29.52913475036621,32.993412017822266,0.1137803867459297,-137.67481994628906,-104.59170532226562,-0.0915328476560293,1
55,2.1473460947163403e-06,-88.6903076171875,16.659347534179688,0.3772058823529411,159.23321533203125,84.77040100097656,-53.377662658691406,-156.86805725097656,74.93147277832031,1.3481380939483645,76.67607879638672,-0.0192038770765066,85.82404327392578,-106.97246551513672,171.19290161132812,134.60464477539062,-0.18341064453125,-0.072906494140625,-1.451621028536465e-05,85.01829528808594,0.0956521739130434,21.88019371032715,-0.0058740321546792,0.7962686567164179,0.8783582089552239,0.0566326715052127,-154.1200408935547,0.0,-140.2493133544922,-0.0363388955593109,-25.974021911621094,-0.013916015625,-0.013916015625,159.43258666992188,-35.55084228515625,-165.12286376953125,-1.066491961479187,-97.21599578857422,-10.579582214355469,-0.0971505041102876,1
65,1.4787538020755164e-05,162.71311950683594,-74.41301727294922,0.4943396226415094,62.865821838378906,-118.1151885986328,83.78267669677734,126.90650177001952,138.4895477294922,-1.033137321472168,127.68070220947266,-0.0270776879042387,51.81363296508789,172.87767028808594,-6.670374870300293,-90.42005157470705,-0.058380126953125,-0.025146484375,8.151275324053131e-06,95.89898681640624,0.078,-19.714956283569336,0.4004653692245483,0.7666666666666667,0.850925925925926,0.0785689279437065,93.3595962524414,0.0,-157.10699462890625,0.0331798493862152,-149.34437561035156,-0.07891845703125,-0.07891845703125,-153.0876922607422,70.81774139404297,-124.63177490234376,1.613863468170166,-65.12387084960938,-73.03801727294922,-0.0992345702596898,0
60,7.45847137295641e-06,100.80130767822266,96.93204498291016,0.3223076923076923,-168.8466033935547,-106.57461547851562,87.34003448486328,71.31840515136719,-176.8257293701172,-0.4760109484195709,-64.20999908447266,0.0128204971551895,-17.092012405395508,68.32632446289062,-23.05830383300781,22.468950271606445,0.0616455078125,0.06500244140625,-9.460867659072392e-06,-171.11285400390625,0.1261467889908256,-69.8821029663086,-0.0601538978517055,0.8051470588235294,0.9007352941176472,0.1397316306829452,164.60836791992188,0.0,77.22150421142578,0.032651487737894,-121.72106170654295,-0.026611328125,-0.026611328125,-80.64854431152344,-53.29709243774414,-138.58981323242188,0.2765143513679504,47.30916595458984,-52.03969192504883,-0.1238126986143723,0
85,1.5145999441301683e-06,-175.0658721923828,-15.132521629333496,0.1119718309859155,29.3023681640625,-103.20545196533205,126.17042541503906,117.6388931274414,30.10738182067871,0.1072523891925811,103.6277847290039,0.0047705294564366,-65.7536849975586,-174.0601806640625,-154.29534912109375,-39.49795150756836,-0.133697509765625,-0.0445556640625,-2.847674522854504e-07,158.71255493164062,0.0948453608247422,-52.428619384765625,-0.0036260969936847,0.7944444444444444,0.8763888888888889,0.0967538356781005,109.83728790283205,1.0,34.70679473876953,0.0139852091670036,52.03976821899414,-0.0577392578125,-0.0577392578125,-39.70116424560547,142.50958251953125,22.439985275268555,-0.4703901708126068,-101.05949401855467,156.6693572998047,-0.0388957162317547,1
87,-1.267336028831778e-05,-63.32743835449219,-53.90689468383789,0.1459459459459459,-155.47544860839844,-21.03678321838379,71.50880432128906,-61.33655548095703,172.8540802001953,0.1693362146615982,-8.112142562866211,0.0054643000476062,-92.2360382080078,154.08926391601562,49.552345275878906,94.63689422607422,-0.034271240234375,-0.023590087890625,2.411397645118996e-06,24.699392318725582,0.0387387387387387,-161.4535369873047,0.1210832372307777,0.83671875,0.934375,0.0613238625228405,-28.28278160095215,0.0,-53.74855422973633,-0.007184823974967,100.39188385009766,-0.033721923828125,-0.033721923828125,-21.416404724121094,31.149799346923828,8.50980281829834,-0.0705516710877418,99.52830505371094,3.3530213832855225,-0.134462746920545,1
58,6.392570867319591e-06,36.53902053833008,-21.385799407958984,0.1253846153846153,-18.021032333374023,-54.37132263183594,93.3389892578125,-176.9387969970703,-60.76344680786133,-0.2484687864780426,40.70198059082031,-0.0411508455872535,84.4445571899414,-16.165081024169922,91.32908630371094,101.48145294189452,-0.0791015625,-0.004180908203125,-1.2846875506511424e-05,-77.84518432617188,0.0565040650406504,130.7305450439453,-0.0343021526932716,0.7141891891891892,0.8729729729729729,0.1335821449756622,24.65496253967285,0.0,-105.25662231445312,-0.0199983268976211,161.71119689941406,-0.076568603515625,-0.076568603515625,34.611698150634766,172.44041442871094,171.50331115722656,-0.5027060508728027,-154.80868530273438,46.84920120239258,-0.1538912110753812,1
70,8.025560418900568e-06,114.45301818847656,-85.09648895263672,0.4174242424242424,32.7829704284668,-160.75685119628906,-1.5811129808425903,-101.97699737548828,163.6936492919922,-0.2129029631614685,-40.58133316040039,0.0034677353687584,-83.91118621826172,-176.78472900390625,112.46729278564452,-3.003541946411133,-0.21722412109375,-0.078826904296875,-2.044677785306704e-05,113.61871337890624,0.0465217391304347,-110.76654815673828,-0.0529377497732639,0.8235294117647058,0.8963235294117647,0.0644384399056434,-172.87005615234375,0.0,-109.89981079101562,0.0069369254633784,178.49656677246094,-0.145721435546875,-0.145721435546875,-156.4380645751953,11.391087532043455,122.2540512084961,-0.3584857881069183,-157.30491638183594,87.21751403808594,-0.1236973439436657,1
95,1.9542158042895608e-06,29.604829788208008,42.90306854248047,0.2782608695652174,45.37435150146485,101.8830108642578,26.493688583374023,65.59449768066406,-35.36774444580078,0.094435729086399,157.2193145751953,0.0527544617652893,54.51474380493164,36.57191848754883,162.86842346191406,77.30615234375,-0.259918212890625,-0.112060546875,-2.730976348175318e-06,-151.40208435058594,0.1118279569892473,23.72948455810547,-0.0143544292077422,0.8116883116883117,0.8896103896103896,0.0170628316700458,52.0194091796875,0.0,158.56275939941406,-0.0068194041959941,120.26812744140624,-0.069976806640625,-0.069976806640625,49.78849792480469,50.29473876953125,-37.135990142822266,-0.1603224277496338,-106.72372436523438,-28.751808166503903,-0.1084099455598783,1
89,7.035752673800744e-07,-98.6689682006836,-73.58917236328125,0.2287878787878788,-11.78752613067627,-64.2754135131836,113.88240051269533,-48.079708099365234,91.4660186767578,-0.1205101683735847,-19.71343040466309,0.01149224024266,-50.42918014526367,8.954018592834473,143.23023986816406,113.30599212646484,0.36962890625,0.171142578125,1.6591320672887377e-05,25.130538940429688,0.0372596153846153,135.21405029296875,-0.2128541469573974,0.827027027027027,0.8783783783783784,0.1171710714697837,67.90108489990234,0.0,76.56537628173828,0.0177770368754863,-81.54915618896484,-0.056182861328125,-0.056182861328125,34.6095085144043,121.4824676513672,-93.19578552246094,-0.0093988087028265,-163.5167999267578,136.22679138183594,-0.0818735808061939,1
77,1.4537270544678904e-05,-59.57371520996094,-43.23637008666992,0.5610169491525424,-154.09877014160156,-144.60693359375,79.57656860351562,9.091750144958496,10.304381370544434,-0.0540761016309261,175.888671875,0.0041695567779242,117.11907196044922,-41.05088806152344,11.665485382080078,21.879648208618164,0.012969970703125,0.016082763671875,1.1341150639054833e-05,48.81607818603516,0.0385593220338983,24.171470642089844,0.0070149488747119,0.7898148148148149,0.8694444444444445,0.1538786888122558,170.09715270996094,0.0,-9.650046348571776,0.0190227534621953,95.49445343017578,-0.081634521484375,-0.081634521484375,45.26981735229492,154.8394317626953,-54.657318115234375,-0.0061277472414076,-101.96110534667967,60.96656799316406,-0.2020928662398051,1
52,-1.4894761989125982e-05,72.72296142578125,-8.475982666015625,0.3743421052631579,-100.26228332519533,-117.67137145996094,-86.59268951416016,142.97119140625,76.76775360107422,-0.040172342211008,-114.13972473144533,0.0178370550274848,-36.18654251098633,-75.8534164428711,-132.6221923828125,-33.70232009887695,0.077880859375,0.004730224609375,1.148968567576958e-05,174.02304077148438,0.0671641791044776,-159.1421661376953,0.1023612767457962,0.7946153846153846,0.8830769230769231,0.2721290588378906,-171.11221313476562,1.0,-120.46128845214844,-0.0274874363094568,120.77647399902344,-0.0311279296875,-0.0311279296875,112.67274475097656,-94.24488067626952,147.98117065429688,-0.793401300907135,-66.7227554321289,25.8509578704834,-0.1140578510972788,1
82,-1.1094597539340612e-05,41.50880432128906,-26.074996948242188,0.3353333333333333,5.39615535736084,62.39241409301758,146.25973510742188,50.72418975830078,-106.328369140625,0.1439975947141647,-172.39976501464844,0.0368519462645053,5.259203433990479,153.38165283203125,-155.64234924316406,62.6364631652832,0.085662841796875,0.01708984375,3.116231482636067e-06,82.61014556884766,0.1130208333333333,48.30146789550781,0.0118233719840645,0.7954545454545454,0.9098484848484848,0.1296394765377044,-48.4338264465332,0.0,-103.02424621582033,0.0063029397279024,-30.46906471252441,-0.078277587890625,-0.078277587890625,170.8026580810547,59.92652893066406,155.51332092285156,-0.215142622590065,42.14630508422852,152.52391052246094,-0.1743840497718141,1
57,-6.4618548094586e-06,87.40839385986328,14.287397384643556,0.2061855670103092,70.60038757324219,-135.61741638183594,76.1602783203125,13.916104316711426,121.56350708007812,-0.0728485733270645,148.99526977539062,-0.0831962451338768,98.46647644042967,95.2239761352539,142.8972930908203,57.85630798339844,0.230560302734375,0.1007080078125,-9.12351424631197e-06,-171.09071350097656,0.1236434108527131,-40.817501068115234,-0.0108299758285284,0.7794520547945205,0.8678082191780822,0.0241851266473531,27.832067489624023,0.0,-156.66517639160156,-0.0069403760135173,-172.0957489013672,-0.06646728515625,-0.06646728515625,-102.98396301269533,-173.54833984375,44.1351432800293,0.168322667479515,-67.65055084228516,-157.0364227294922,-0.0967579119339159,0
50,-5.385455096984515e-06,-163.29408264160156,137.1119384765625,0.3695945945945946,-141.4080352783203,96.91786193847656,91.01893615722656,-162.53309631347656,173.7365264892578,-0.5862903594970703,-27.205463409423828,-0.0308215022087097,3.664908409118652,146.59898376464844,67.29782104492188,-73.75880432128906,0.0587158203125,0.014739990234375,-1.805595456971787e-05,-84.4907455444336,0.1133587786259542,107.64190673828124,0.0901850387454032,0.7844155844155845,0.8818181818181818,0.1052476689219474,118.64168548583984,0.0,159.09051513671875,0.0089178327471017,-174.15017700195312,-0.087677001953125,-0.087677001953125,22.88859748840332,-103.76155090332033,-165.9185791015625,0.6355072855949402,134.61434936523438,-78.8753662109375,-0.1602048516437146,0
58,2.789879363263026e-05,36.57382583618164,-93.15408325195312,0.3695945945945946,-3.104631423950196,-42.39581298828125,47.910606384277344,-118.725830078125,116.27857971191406,0.0900585949420929,-18.82870483398437,-0.0075517520308494,-154.10968017578125,-94.2041473388672,148.9727325439453,175.37347412109375,0.05206298828125,0.02313232421875,1.941594564414117e-05,-111.30973815917967,0.0383838383838383,156.25552368164062,-0.1598687320947647,0.8308823529411765,0.9161764705882351,0.1483579277992248,-158.01280212402344,0.0,-145.51683044433594,-0.0120628969743847,81.51831817626953,-0.022186279296875,-0.022186279296875,107.10865020751952,61.22712707519531,140.79266357421875,0.0698851644992828,-121.9157257080078,48.88661193847656,-0.0796324415262514,1
71,-7.40856239644927e-06,-102.17565155029295,-123.39411926269533,0.403968253968254,-94.71473693847656,-178.07164001464844,-162.31443786621094,-120.08688354492188,-171.12986755371094,-0.0741836577653884,-8.063796997070312,0.0112256417050957,157.29212951660156,-172.98643493652344,156.6666259765625,2.873919010162353,-0.006591796875,0.01690673828125,4.133257789362688e-06,33.47703552246094,0.0331896551724137,-32.38840866088867,0.0045643928460776,0.7945454545454546,0.8772727272727273,0.0352142639458179,157.7922821044922,1.0,67.28588104248047,0.0042272531427443,14.51991844177246,-0.03564453125,-0.03564453125,-166.39959716796875,-157.12867736816406,158.53173828125,0.1635469198226928,88.3407211303711,165.78656005859375,-0.1077894071557446,1
68,-6.860540906927781e-06,81.22647857666016,-153.91220092773438,0.2886904761904761,-91.3560562133789,-140.6794891357422,-39.93820190429688,-85.07190704345703,-102.42205810546876,0.0214082151651382,178.73812866210938,0.0151785863563418,-149.29136657714844,62.3946533203125,-71.87054443359375,-26.172897338867188,-0.06903076171875,-0.009368896484375,3.857633146253647e-06,-37.87641143798828,0.0847457627118644,157.2746124267578,-0.0536987408995628,0.8046666666666666,0.8893333333333333,0.0714461505413055,154.95608520507812,0.0,-137.04745483398438,0.0386864654719829,-104.28058624267578,-0.155487060546875,-0.155487060546875,-78.2026138305664,16.70754051208496,33.129390716552734,-0.280618816614151,80.95008087158203,-97.7076644897461,-0.1113391177101744,1
50,-7.09122150510666e-06,32.23680114746094,32.21430969238281,0.4726190476190476,-18.02262306213379,-125.27033233642578,-156.8843994140625,9.165878295898438,119.41697692871094,-0.2169543355703354,-53.86137771606445,0.0050951349548995,-120.36457061767578,34.42060470581055,76.09777069091797,130.47337341308594,-0.0421142578125,-0.047943115234375,-2.379336592639447e-06,-153.46450805664062,0.0585034013605442,-131.89527893066406,0.0349798798561096,0.7037037037037037,0.8407407407407408,0.1146770045161247,164.9249267578125,0.0,-6.259568214416504,-0.0006775241345167,-169.78196716308594,-0.02154541015625,-0.02154541015625,-105.77083587646484,66.84269714355469,-61.4718132019043,-0.2075960040092468,-37.64031982421875,-125.22964477539062,-0.133106529997683,0
55,-1.5377534509752877e-05,105.64762878417967,40.00170135498047,0.3508333333333333,150.18861389160156,81.46392059326172,-58.00457763671875,48.522945404052734,-103.67156982421876,0.5690433979034424,177.86746215820312,0.0012109712697565,-1.475399374961853,-52.95764923095703,-132.6338348388672,174.84205627441406,0.083740234375,0.0206298828125,-1.6220166799030267e-05,63.63588333129883,0.12875,-126.93560028076172,0.128920704126358,0.7445454545454545,0.9036363636363636,0.0811304152011871,12.95429229736328,0.0,-29.994213104248047,0.0011119731934741,-126.525146484375,-0.0374755859375,-0.0374755859375,-57.89717102050781,103.50828552246094,24.52761459350586,0.5751546621322632,166.18289184570312,21.345224380493164,-0.099533638927474,0
56,-9.955115274351556e-07,54.22383117675781,144.8087615966797,0.3054545454545455,17.647808074951172,-158.6033172607422,-23.076114654541016,-112.01204681396484,35.0825309753418,0.3189598619937897,31.25849151611328,-0.0300694741308689,141.32510375976562,117.95343780517578,24.76253700256348,-157.25914001464844,0.02032470703125,0.01727294921875,-1.7676022252999246e-05,-110.42481231689452,0.0975,-91.1825180053711,0.0769179910421371,0.7771186440677966,0.8788135593220339,0.0872635841369628,-67.34375,0.0,173.4735107421875,-0.0085807908326387,-130.19583129882812,-0.053955078125,-0.053955078125,-155.01724243164062,-117.07170867919922,-89.02659606933594,0.1233270093798637,-125.6413345336914,-133.5345458984375,-0.0789654996452858,0
82,-1.3249094990896992e-05,13.838826179504396,124.79713439941406,0.3698795180722891,135.2629852294922,-152.76368713378906,60.72637939453125,-164.1343994140625,-100.0293960571289,-0.095630832016468,157.825927734375,-0.0122929057106375,-138.44149780273438,161.3656005859375,124.33836364746094,171.33840942382812,0.3724365234375,0.099273681640625,5.926336598349735e-06,-147.64585876464844,0.0421985815602836,1.928670048713684,-0.043172687292099,0.7804597701149425,0.8833333333333333,0.3084904551506042,-16.145849227905273,0.0,-18.442466735839844,-0.0460210442543029,71.49465942382812,-0.133575439453125,-0.133575439453125,151.43202209472656,40.5166244506836,0.13738614320755,0.4378290772438049,23.590219497680664,71.82918548583984,-0.0293093862566895,1
53,3.288953666924499e-05,-24.728103637695312,-22.158172607421875,0.4197368421052631,129.66860961914062,75.0800552368164,70.62944030761719,155.3484344482422,-21.08939552307129,0.0607818663120269,-72.31082153320312,-0.0240451619029045,166.0587921142578,-51.17310333251953,109.85685729980467,-135.2788543701172,-0.312469482421875,-0.049072265625,-1.3607938853965608e-05,129.06430053710938,0.1010948905109489,-46.61601638793945,-0.0235361587256193,0.7253164556962025,0.8563291139240506,0.0985821932554245,0.0029217582195997,0.0,81.40167999267578,0.0301950722932815,-85.4072036743164,-0.0758056640625,-0.0758056640625,-112.76220703125,-106.6356201171875,34.14186477661133,-0.1434767693281173,3.846233129501343,59.57944107055664,-0.1786938889641786,0
87,3.459424260654487e-05,5.531984806060791,140.43527221679688,0.2629310344827586,-101.48516845703124,-123.81689453125,49.83594131469727,81.93925476074219,-46.965965270996094,0.2321739643812179,-106.98673248291016,0.0011726570082828,-104.89334106445312,11.207738876342772,143.26947021484375,-158.56430053710938,-0.0078125,0.005462646484375,4.440797965798993e-06,-72.4910888671875,0.1091346153846153,44.39165115356445,-0.0046684793196618,0.7966666666666666,0.9075,0.0968212112784385,101.3256607055664,0.0,-92.24175262451172,-0.0019317349651828,-157.30039978027344,-0.041595458984375,-0.041595458984375,-132.5752716064453,-136.3516082763672,-34.380332946777344,0.0602464266121387,169.04063415527344,-102.09678649902344,-0.1206985544488624,0
75,-4.105233074369608e-06,0.1923096925020218,-122.85010528564452,0.1573333333333333,-97.83499908447266,122.68929290771484,82.67854309082031,33.24362564086914,-24.64873313903809,-0.0219746436923742,79.35386657714844,-0.0060530351474881,-1.142341375350952,-58.92192459106445,64.06148529052734,-120.0270538330078,-0.212493896484375,-0.08203125,4.016085313196527e-06,-59.4093017578125,0.0675,114.1018524169922,0.0396514497697353,0.7734375,0.88515625,0.1813863515853881,-21.44237899780273,0.0,-169.5053253173828,-0.0170407779514789,-110.98904418945312,-0.04736328125,-0.04736328125,-162.87904357910156,-13.979938507080078,0.0144589850679039,-0.1461325138807296,101.97337341308594,142.59326171875,-0.0779196452338177,1
64,-1.2028602213831618e-05,-30.532360076904297,-169.0514678955078,0.3588235294117647,-143.24014282226562,-116.2123794555664,-85.17738342285156,-55.22185134887695,-163.15296936035156,0.102415457367897,157.54518127441406,0.0130419600754976,-62.5590705871582,30.62543487548828,105.71243286132812,67.29197692871094,-0.26861572265625,-0.118621826171875,-4.818564775632694e-06,116.6731948852539,0.1495412844036697,111.04615020751952,-0.1174549460411071,0.8321428571428572,0.9142857142857144,0.1631301492452621,-49.48879623413086,0.0,-169.56504821777344,-0.0130788870155811,-50.76217269897461,-0.022125244140625,-0.022125244140625,59.85553741455078,4.701288223266602,-10.826533317565918,-0.7736783027648926,26.65118408203125,67.7375259399414,-0.199686042134036,1
104,-1.524404615338426e-05,-140.4427490234375,45.07828903198242,0.3078571428571429,-127.39183044433594,-105.84695434570312,95.0460205078125,119.84292602539062,-118.97116088867188,0.2014340758323669,126.75914764404295,0.0441073663532733,150.3572998046875,-47.63603973388672,89.37349700927734,-93.02839660644533,0.218658447265625,0.049896240234375,6.239149570319569e-07,155.50119018554688,0.0486486486486486,-65.38692474365234,0.0053782253526151,0.7726027397260274,0.8719178082191781,0.4959682524204254,-70.04615783691406,0.0,-36.92550659179688,-0.0220944583415985,62.36691665649414,-0.10321044921875,-0.10321044921875,-96.2117919921875,-55.88431930541992,61.29738235473633,-0.5190222859382629,88.0673828125,46.85259246826172,-0.1802910719799904,1
60,-1.625865297683049e-05,-65.39197540283203,-24.78952407836914,0.4025,-33.181148529052734,3.726227283477783,-29.665321350097656,-156.52212524414062,-122.63475036621094,1.402443766593933,175.35769653320312,0.0167344231158494,-30.964887619018555,-87.35845184326172,-177.35035705566406,12.638758659362791,-0.2496337890625,-0.071044921875,5.807533398183296e-06,35.30997467041016,0.0948717948717948,7.18265962600708,0.1883630752563476,0.778125,0.8671875,0.1187158972024917,149.42514038085938,0.0,-158.97659301757812,-0.0281054582446813,103.43545532226562,-0.0902099609375,-0.0902099609375,60.34966659545898,-13.409916877746582,163.73977661132812,0.0152622191235423,-150.56871032714844,35.33441162109375,-0.1180143278649722,1
47,2.499510082998313e-05,-21.158153533935547,139.97486877441406,0.4956989247311828,3.545522689819336,-32.453369140625,-125.48804473876952,99.69174194335938,159.44715881347656,-0.3403296768665313,-112.28532409667967,-0.0148058561608195,128.98306274414062,161.43983459472656,80.43537902832031,133.5038604736328,0.106536865234375,0.1336669921875,-1.2133090422139505e-05,11.075593948364258,0.1171532846715328,-16.90918731689453,-0.0212160125374794,0.7682795698924731,0.9016129032258065,0.120559737086296,-94.22264099121094,0.0,61.6811637878418,0.068481259047985,-71.82293701171875,-0.086395263671875,-0.086395263671875,154.36399841308594,-88.59724426269531,114.33035278320312,0.160092607140541,-161.0753631591797,-30.90052795410156,-0.1475452573344567,0
57,1.7215770640177652e-05,108.16502380371094,142.50868225097656,0.4317647058823529,-84.54784393310547,55.22806167602539,-111.59225463867188,144.46893310546875,-64.47537231445312,0.4789242744445801,97.90782165527344,-0.0829300284385681,-60.777469635009766,-34.355690002441406,148.6098175048828,-70.6341781616211,0.61859130859375,0.28851318359375,-4.948796231474262e-06,77.30463409423828,0.117578125,85.60131072998047,0.1637481451034546,0.7891304347826087,0.8891304347826087,0.0794299468398094,-147.36016845703125,0.0,167.7472381591797,0.0727434828877449,-176.7191619873047,-0.1220703125,-0.1220703125,-32.01123809814453,101.00920867919922,-1.758741021156311,-0.3644962608814239,124.65245819091795,-137.469970703125,-0.1113821364940952,0
84,-2.721312739595305e-06,100.56965637207033,100.17316436767578,0.3755952380952381,-132.45233154296875,-142.16944885253906,-78.01860809326172,-135.9237060546875,119.34764099121094,-0.234457641839981,131.17335510253906,0.1050213277339935,179.19439697265625,16.677907943725586,-23.98454093933105,11.24944305419922,-0.751678466796875,-0.329193115234375,-7.103229222593654e-07,76.05458068847656,0.0640350877192982,24.7048568725586,-0.0350496396422386,0.7955128205128205,0.8826923076923077,0.0878281518816948,-52.67895126342773,0.0,-166.34303283691406,-0.0786477625370025,175.85386657714844,-0.033294677734375,-0.033294677734375,39.8983039855957,103.76112365722656,-27.82306480407715,0.5734135508537292,-162.34249877929688,-133.4431915283203,-0.1435050019728803,1
60,-1.5466998775082177e-06,-81.90677642822266,76.71133422851562,0.3916666666666666,-32.76624298095703,9.723943710327148,-87.8428726196289,-179.4779815673828,-155.84536743164062,-1.1557471752166748,-1.9552369117736816,0.0249390732496976,57.930809020996094,-25.658435821533203,164.92739868164062,-5.561028480529785,0.094573974609375,0.05230712890625,-2.3224614778882824e-05,-161.3038787841797,0.126,-24.84399032592773,0.229340597987175,0.7213114754098361,0.8803278688524591,0.0621854998171329,113.71662139892578,0.0,64.71495819091797,-0.0123513005673885,-2.2044358253479004,-0.00665283203125,-0.00665283203125,-22.49731636047364,98.35638427734376,-147.725341796875,-0.3426786363124847,-89.29768371582031,-145.15480041503906,-0.1127321342394218,0
74,-1.3617191143566744e-05,9.740389823913574,117.25479888916016,0.2223880597014925,-1.9229029417037964,28.573410034179688,125.48284149169922,-93.27136993408205,-120.21424102783205,-0.3378518223762512,143.52505493164062,-0.0377022251486778,-43.36559677124024,-163.34564208984375,70.3126449584961,-112.66152954101562,-0.08575439453125,-0.0321044921875,-4.370418537291698e-06,-112.00739288330078,0.066504854368932,37.7667121887207,0.0040554502047598,0.7845070422535211,0.9190140845070424,0.170438677072525,99.0236358642578,0.0,-58.34205627441406,-0.0283200461417436,-75.77884674072266,-0.020233154296875,-0.020233154296875,131.32217407226562,-6.691597938537598,110.11043548583984,-0.1094160825014114,-135.1792755126953,-32.94025421142578,0.0988171526563452,1
75,7.230645678646397e-06,94.58431243896484,-71.78094482421875,0.335,85.47833251953125,-91.5955810546875,-160.51014709472656,55.61287689208984,-81.04662322998047,-1.3863404989242554,-48.69667053222656,-0.016239047050476,4.296431541442871,12.586393356323242,-133.54974365234375,82.780029296875,0.035003662109375,0.0286865234375,-4.2134724935749546e-06,-145.52560424804688,0.0858695652173913,-23.04252052307129,0.1820074021816253,0.8132075471698114,0.8811320754716981,0.1257537752389907,54.59523391723633,0.0,-159.847412109375,0.0273459758609533,14.003779411315918,0.032928466796875,0.032928466796875,-101.43050384521484,79.279296875,-168.84039306640625,-0.4910522103309631,-166.35372924804688,-86.0190200805664,-0.1241436088157094,0
79,-4.324683686718345e-06,-35.01179885864258,-179.6408233642578,0.3961538461538461,108.93372344970705,-23.70551300048828,-32.74993133544922,91.4224624633789,-86.656005859375,-0.4812557995319366,60.44943618774414,-0.0239889565855264,83.11588287353516,167.69081115722656,116.04417419433594,124.45506286621094,0.10992431640625,0.0404052734375,-9.70696419244632e-06,62.94729232788086,0.1028846153846153,159.72377014160156,-0.0703254491090774,0.8333333333333334,0.91,0.1139990761876106,-129.0703582763672,1.0,-44.82107162475586,-0.0303600765764713,173.4840850830078,-0.149444580078125,-0.149444580078125,-151.4736328125,78.94275665283203,35.9288444519043,0.9069894552230836,-156.9027099609375,63.989933013916016,-0.1755514379895414,1
82,-8.700756552570965e-06,-171.59153747558594,60.251914978027344,0.3472222222222222,-107.08894348144533,-18.87129211425781,9.293492317199709,147.71871948242188,-132.01690673828125,0.159966230392456,33.267234802246094,0.0209499523043632,7.386083602905273,-151.6699981689453,66.97453308105469,120.76261901855467,-0.13525390625,-0.09857177734375,-1.386019812343875e-05,-30.308712005615234,0.1289285714285714,-152.21646118164062,0.0198602601885795,0.8727272727272727,0.8935064935064935,0.0465146638453006,-171.78765869140625,0.0,-24.20452117919922,0.0091190123930573,-39.44369125366211,-0.050140380859375,-0.050140380859375,3.5839030742645264,173.42466735839844,124.5553970336914,-0.0019016189035028,5.570984840393066,140.67518615722656,-0.1409310875507906,1
50,1.2950067684869282e-05,-176.81570434570312,-115.37322235107422,0.4532894736842105,160.08824157714844,2.36014723777771,96.38280487060548,83.7081298828125,44.9222412109375,-0.0407826639711856,33.314876556396484,-0.0623099990189075,152.14878845214844,-83.30786895751953,-128.6384735107422,-122.59883880615234,0.031982421875,0.02081298828125,2.2950776838115416e-05,-161.4063262939453,0.0807971014492753,-1.380542874336243,-0.0052259298972785,0.8304054054054054,0.8689189189189189,0.0349013246595859,73.9127197265625,0.0,37.29550552368164,0.0049140024930238,168.46543884277344,-0.0985107421875,-0.0985107421875,-107.52536010742188,16.729753494262695,-82.76531982421875,0.406285285949707,81.73663330078125,32.1851806640625,-0.1847978525479736,0
70,-1.9127723135170527e-05,-34.676002502441406,-128.7716064453125,0.4584745762711864,57.73828887939453,83.57173156738281,173.29566955566406,-142.24111938476562,-65.79713439941406,-0.6310293674468994,40.36797332763672,-0.0366281010210514,-176.84429931640625,-149.1387939453125,169.8514862060547,-95.84008026123048,-0.116729736328125,-0.06146240234375,2.0116294763283804e-05,137.1249237060547,0.1162921348314606,135.63645935058594,0.1787872016429901,0.7455357142857143,0.8910714285714286,0.0506983399391174,39.58477783203125,0.0,-63.8837776184082,0.0055313310585916,128.6777801513672,-0.05908203125,-0.05908203125,170.11441040039062,-52.13831329345703,-38.805057525634766,0.1953429281711578,-132.52906799316406,43.76400375366211,-0.1273233177245166,1
60,1.402462203259347e-06,74.55484008789062,98.60203552246094,0.4111111111111111,-70.93905639648438,-5.125809669494629,-132.003173828125,173.32730102539062,130.8230743408203,-0.0889316871762275,154.24017333984375,0.0042584249749779,57.91231536865234,-132.8622283935547,118.08935546875,-170.64866638183594,-0.110198974609375,0.000946044921875,1.4134944876786903e-06,-67.23909759521484,0.0717592592592592,-64.66273498535156,-0.0082169929519295,0.7586666666666667,0.858,0.0920532643795013,-118.2210922241211,0.0,1.5238982439041138,0.004435263108462,55.44523620605469,-0.036285400390625,-0.036285400390625,-98.71790313720705,166.55731201171875,90.48036193847656,-0.1741389334201812,112.71755981445312,22.90461540222168,-0.170641162204354,0
80,-1.6425725334556773e-05,79.01483917236328,135.87545776367188,0.2918269230769231,-1.103669047355652,25.128381729125977,-50.859336853027344,47.539459228515625,84.76747131347656,-0.3620780706405639,117.64964294433594,-0.0998440384864807,140.0870361328125,-23.6997184753418,174.74806213378906,166.4163055419922,-0.060211181640625,0.006744384765625,-5.205162779020611e-06,97.36701202392578,0.0775423728813559,-143.5555419921875,0.1175263226032257,0.7485714285714286,0.7907142857142857,0.0225793253630399,116.95124053955078,0.0,159.10972595214844,0.0395658276975154,-21.65349769592285,-0.061614990234375,-0.061614990234375,157.54519653320312,-67.5384521484375,143.41500854492188,-0.2152695506811142,150.8651123046875,115.8886947631836,-0.140287307295373,0
43,-2.2396581698558293e-05,162.16778564453125,-165.00442504882812,0.4949438202247191,89.11949157714844,70.74432373046875,120.6505126953125,114.65360260009766,50.355350494384766,-0.0612314045429229,62.56472396850586,-0.0564248412847518,-127.0694808959961,176.6550750732422,-110.77279663085938,146.1013946533203,0.336578369140625,0.136688232421875,-1.4645856936112978e-05,-98.88086700439452,0.0866412213740458,8.82520580291748,0.0550761111080646,0.7930851063829787,0.901595744680851,0.0467611663043499,74.45184326171875,0.0,48.55910110473633,-0.0255632363259792,-83.98402404785156,-0.017791748046875,-0.017791748046875,-121.95481872558594,163.18716430664062,21.23590469360352,0.0301511958241462,-39.98414611816406,-111.55780029296876,-0.1917483207692506,0
