participant,segment,spectral_centroid,spectral_bandwidth,spectral_rolloff,spectral_flatness,spectrum_skewness,spectrum_kurtosis
Participant_BPF_01,3,140.57567756820845,86.79982749415224,216.552734375,0.0009305974,2.9881365299224854,10.311388
Participant_BPF_01,4,135.789629492575,86.41284582478663,207.666015625,0.0011275854,3.0302088260650635,10.126452
Participant_BPF_01,5,133.0985921985902,85.85398211013367,206.103515625,0.0009176976,2.9874284267425537,9.797406
Participant_BPF_01,6,140.2574086817931,93.44528566515187,217.333984375,0.002527013,2.968127727508545,10.41115
Participant_BPF_01,7,139.38580562616443,93.16331019996296,218.06640625,0.0023322783,3.2346322536468506,13.272388
Participant_BPF_01,8,134.51805652061242,89.5939299238211,207.7392578125,0.002222373,3.285724401473999,12.631534
Participant_BPF_01,9,130.62959408232993,87.1487841371816,199.7802734375,0.0008998041,3.3598315715789795,13.413809
Participant_BPF_02,3,150.15143396934224,87.02328117778202,230.8349609375,0.0007232573,2.846933603286743,8.781718
Participant_BPF_02,4,152.72760965863677,89.73588187594095,236.7431640625,0.0009760981,2.8513407707214355,9.117447
Participant_BPF_02,5,147.00064826149614,92.54043069590239,232.177734375,0.0009923326,3.3407866954803467,14.722809
Participant_BPF_02,6,141.6151962320284,94.78204579198773,223.779296875,0.001257034,3.4671640396118164,15.605698
Participant_BPF_02,7,141.3825886441487,93.51562192978933,226.0498046875,0.0010631155,3.342341661453247,13.955231
Participant_BPF_02,8,147.00438135129153,96.74217221199987,237.6953125,0.0016038101,3.8433852195739746,19.134289
Participant_BPF_02,9,150.9528604379671,98.36031552335683,248.9501953125,0.0011605792,3.863980293273926,20.355623
Participant_BPF_03,3,137.28926974172288,94.40081014788299,208.2763671875,0.000990657,3.259305715560913,12.917444
Participant_BPF_03,4,135.82790955337077,93.29985039426533,207.666015625,0.000919829,3.6700034141540527,17.183975
Participant_BPF_03,5,130.80523195426113,94.42657169669789,200.4150390625,0.0009163728,4.282555103302002,24.419426
Participant_BPF_03,6,136.4701568719011,106.28436783166016,218.798828125,0.0017788246,5.192394256591797,35.395206
Participant_BPF_03,7,139.0594971368646,110.02144162602285,226.416015625,0.0016836468,5.022205352783203,32.138584
Participant_BPF_03,8,132.80553589752884,107.13070768276361,205.6884765625,0.0016260361,4.8311076164245605,29.491894
Participant_BPF_03,9,131.74780952144286,104.59586140089255,201.171875,0.0014234735,4.55207633972168,26.146233
Participant_BPF_04,3,158.42385397528884,99.98978062864622,252.3681640625,0.0015646757,2.4672062397003174,6.5466423
Participant_BPF_04,4,157.21013290959536,96.77477569108083,248.3642578125,0.0013222088,2.511805295944214,6.773922
Participant_BPF_04,5,154.10946451243234,96.31824748473072,244.140625,0.0011208825,2.631058931350708,7.687999
Participant_BPF_04,6,148.46470506636047,98.06650274720955,239.404296875,0.0011422413,2.86031174659729,10.054039
Participant_BPF_04,7,151.9656970555277,102.2367911329167,247.8759765625,0.0016156428,2.8127148151397705,9.008659
Participant_BPF_04,8,150.59455981269056,106.70087831754373,245.751953125,0.001989989,2.7636592388153076,9.189795
Participant_BPF_04,9,145.67249157912548,104.35144048064512,233.203125,0.0018764607,3.2359986305236816,13.091352
Participant_BPF_05,3,156.2268626344725,90.02387644873674,236.9384765625,0.00092650217,2.1997179985046387,4.5196047
Participant_BPF_05,4,169.4456682329862,99.39657409508068,263.0126953125,0.0023041344,2.1220362186431885,4.246962
Participant_BPF_05,5,157.96578465333687,92.74730499599816,244.9951171875,0.0010197684,2.254779815673828,5.1941643
Participant_BPF_05,6,150.37574383315481,89.96785518096002,231.591796875,0.0012030897,2.422775983810425,5.786498
Participant_BPF_05,7,144.32160296316687,89.74648661689324,225.0732421875,0.0009314936,2.421015739440918,5.888628
Participant_BPF_05,8,135.723569805961,86.82765128574754,211.9873046875,0.0008857072,2.935216188430786,10.182631
Participant_BPF_05,9,143.0167070677441,87.02461070942387,218.505859375,0.0008267712,1.8341352939605713,2.7079954
Participant_BPF_06,3,143.687467670829,98.58148985541484,225.6103515625,0.001686066,3.2189271450042725,12.885224
Participant_BPF_06,4,144.76133906160925,94.22297612541084,221.728515625,0.001498198,3.137726306915283,11.593915
Participant_BPF_06,5,143.38090457772284,92.05720990485227,213.1103515625,0.0015078995,3.218264579772949,12.000707
Participant_BPF_06,6,138.8243807371768,96.10438406780754,202.001953125,0.0020729522,3.4616518020629883,13.712431
Participant_BPF_06,7,137.62286729062515,99.04891154251861,201.66015625,0.0019549653,3.4567441940307617,13.888992
Participant_BPF_06,8,141.393028248165,104.67451795240872,212.158203125,0.0035362788,3.448073625564575,14.553921
Participant_BPF_06,9,135.46610018444204,99.94090343998705,203.61328125,0.0018204382,3.5964515209198,16.259884
Participant_BPF_07,3,132.56421672102925,84.55236395073162,198.876953125,0.0008356492,2.6944963932037354,7.425235
Participant_BPF_07,4,135.56323257201362,87.33784717673883,202.587890625,0.0009242571,2.591905117034912,6.636855
Participant_BPF_07,5,134.27794527869645,85.9418348804619,201.8310546875,0.00073959853,2.959357500076294,9.617971
Participant_BPF_07,6,137.81067160822323,84.05777829679661,208.69140625,0.00067032606,2.921478748321533,9.347724
Participant_BPF_07,7,136.9784283280231,84.55183908585154,206.8359375,0.0007733471,2.8494608402252197,8.645498
Participant_BPF_07,8,134.69970404857585,85.50198645135019,201.0986328125,0.0009281888,2.898332357406616,8.7610655
Participant_BPF_07,9,137.7039633786987,87.71056956673438,207.470703125,0.0035287086,2.9852092266082764,9.539416
Participant_BPF_08,3,124.6733839419001,72.63385359970785,188.9892578125,0.0002709134,3.2169029712677,11.9502735
Participant_BPF_08,4,124.46487651869556,78.76388433650732,189.208984375,0.0014364601,3.544210433959961,15.123722
Participant_BPF_08,5,121.03053713012287,74.32078785932285,183.740234375,0.00031406054,3.817122220993042,18.035069
Participant_BPF_08,6,125.63965662902949,83.3447508615403,194.8486328125,0.0027600536,4.239789009094238,21.5256
Participant_BPF_08,7,124.39645854053302,80.12741390568968,190.0390625,0.00048113737,4.315832614898682,23.146774
Participant_BPF_08,8,127.0882528619226,81.71576096376499,193.603515625,0.0007562124,4.175668716430664,21.61635
Participant_BPF_08,9,126.09983717658142,81.43032022518926,194.5556640625,0.0005106269,4.345169544219971,24.554844
Participant_BPF_09,3,129.34987265377347,92.08593149674562,195.5078125,0.0024374372,2.9719715118408203,10.189059
Participant_BPF_09,4,124.01307772691572,88.30638387802011,184.2041015625,0.0007722616,2.8717777729034424,9.558431
Participant_BPF_09,5,128.97587443587292,87.11613601579081,192.4560546875,0.00082085934,3.005296230316162,10.832996
Participant_BPF_09,6,122.81001153075135,88.50708387266124,186.4013671875,0.00085905736,4.099997520446777,23.825445
Participant_BPF_09,7,118.85597600710003,91.74415388823807,177.490234375,0.0012130181,4.2394633293151855,25.385202
Participant_BPF_09,8,121.87846478922945,90.20503350017847,182.2998046875,0.0014329756,3.0318400859832764,11.00441
Participant_BPF_09,9,123.65374521870551,92.35739119925863,183.49609375,0.0011225289,3.058905601501465,10.583261
Participant_BPF_10,3,155.42870189487275,84.41614028964364,225.048828125,0.0010611166,2.624891519546509,6.978607
Participant_BPF_10,4,155.1133726873711,87.91757297770154,226.5869140625,0.0013663946,2.51314115524292,6.423065
Participant_BPF_10,5,155.86989934555055,89.56035401856764,229.1259765625,0.0017806325,2.422271966934204,5.6483192
Participant_BPF_10,6,148.8011240940567,89.77314512232003,220.21484375,0.0013629842,2.613560199737549,7.3289824
Participant_BPF_10,7,146.29929068449843,88.7688119067636,216.4794921875,0.0013060288,2.6825735569000244,7.891882
Participant_BPF_10,8,153.24713111921858,85.71151048816668,225.5126953125,0.00093518913,2.4904725551605225,6.2420406
Participant_BPF_10,9,155.03922188355355,89.25206667623574,227.783203125,0.0016917309,2.5490972995758057,6.7604094
Participant_BPF_11,3,143.3365207483621,100.84824781104662,205.7373046875,0.0019543213,3.2477245330810547,11.171435
Participant_BPF_11,4,139.8715447485485,105.07013517445016,202.4658203125,0.0020680996,3.35817813873291,11.710804
Participant_BPF_11,5,140.83051545453367,108.59036413677241,203.759765625,0.0021758722,3.3955249786376953,12.160458
Participant_BPF_11,6,148.52674577292515,116.42109365270217,227.1728515625,0.0027713608,3.4029719829559326,12.876516
Participant_BPF_11,7,149.56411399688676,124.98704877144132,241.0400390625,0.0035488778,3.924341917037964,19.459002
Participant_BPF_11,8,147.28507387087788,130.82081661747003,240.625,0.004100154,4.306074142456055,22.66787
Participant_BPF_11,9,149.8931609260047,139.5127111942052,242.0166015625,0.0068794964,4.455840110778809,26.020367
Participant_BPF_12,3,155.4015958083075,90.11721315582028,232.470703125,0.0017244637,2.5342578887939453,6.7130156
Participant_BPF_12,4,156.8836785225881,85.99456187293467,233.7646484375,0.00091611146,2.4681284427642822,6.2145014
Participant_BPF_12,5,160.63509042504455,89.4335812507909,238.0615234375,0.0012832511,2.3561244010925293,5.6901073
Participant_BPF_12,6,163.37412845469288,90.08600081636291,240.478515625,0.0012805196,2.330430507659912,5.367154
Participant_BPF_12,7,165.90739278809158,88.5901004057313,242.7978515625,0.0011172917,2.8859002590179443,10.99577
Participant_BPF_12,8,160.25803379008568,90.85845599898349,238.818359375,0.0012040015,3.273500442504883,15.631466
Participant_BPF_12,9,154.74163030291692,93.4452627430745,232.1533203125,0.0015083425,2.4068102836608887,5.8391666
Participant_BPF_13,3,134.63799069255143,95.29181410124485,195.41015625,0.00130597,3.3964853286743164,13.24753
Participant_BPF_13,4,134.47527629996858,99.1741745026051,196.337890625,0.0014641716,3.504021644592285,14.875679
Participant_BPF_13,5,134.23650115760697,102.56210679174733,200.732421875,0.0014891531,3.3172755241394043,13.117229
Participant_BPF_13,6,135.13481750901957,102.5532640640793,201.4892578125,0.0015023642,3.330970287322998,13.704008
Participant_BPF_13,7,132.30136554155473,105.94165728605579,192.333984375,0.0021564227,3.5595710277557373,15.387346
Participant_BPF_13,8,127.35046390657521,108.63415889942853,185.64453125,0.001639745,4.853209972381592,38.703724
Participant_BPF_13,9,128.79483885566577,115.01549991782997,189.9169921875,0.0022187356,4.948734283447266,35.00838
Participant_BPF_14,3,155.6295361903056,116.93361677790828,243.3349609375,0.003429719,3.504837989807129,14.8193035
Participant_BPF_14,4,155.89378411717558,122.04225916383764,248.7060546875,0.0036686026,3.673646926879883,16.235998
Participant_BPF_14,5,155.79512693781777,128.66574397505482,248.73046875,0.0057618264,3.312702178955078,12.653502
Participant_BPF_14,6,148.03980424675308,131.6133812133161,232.4462890625,0.0044533066,3.6950600147247314,16.994057
Participant_BPF_14,7,146.88830656513778,134.02857812079972,230.6396484375,0.0048571243,3.6793606281280518,14.939976
Participant_BPF_14,8,155.77911874774736,136.90366055605742,255.029296875,0.0073795756,3.591876745223999,14.185804
Participant_BPF_14,9,151.97351687272163,134.97490980805364,240.91796875,0.0045623295,3.8337643146514893,17.975124
Participant_BPF_15,3,144.5506693946154,96.42154474452343,221.337890625,0.0021864562,2.830850124359131,8.973615
Participant_BPF_15,4,136.1739063336019,82.82578228923887,204.1748046875,0.00072019984,3.003199338912964,10.098607
Participant_BPF_15,5,125.35900005351661,79.03490009469056,186.962890625,0.000519982,3.288971424102783,12.373623
Participant_BPF_15,6,132.4592457760025,88.41048758331047,201.1962890625,0.0020821772,3.324209690093994,14.231924
Participant_BPF_15,7,130.15245723475948,87.07754369956244,197.5830078125,0.0008571133,3.428785562515259,15.154047
Participant_BPF_15,8,124.98637509545608,85.78232361998488,187.5244140625,0.00068064465,4.368476867675781,25.124352
Participant_BPF_15,9,129.06185924269093,91.88721966899752,195.9716796875,0.0013623523,3.9827516078948975,21.182707
Participant_BPF_16,3,117.84091169464118,84.8490088683094,179.6875,0.00051560067,4.197012424468994,22.832026
Participant_BPF_16,4,121.00647948018764,83.33040296305585,184.8876953125,0.00049356476,3.266390085220337,13.15044
Participant_BPF_16,5,122.49743039754014,84.13420328231766,188.134765625,0.0005090989,3.2036781311035156,12.563936
Participant_BPF_16,6,117.78954812471594,83.29874038024514,178.7353515625,0.0005937914,4.752760887145996,27.97122
Participant_BPF_16,7,117.72970541198302,83.22546307263602,179.9072265625,0.00057740044,5.045947074890137,33.41237
Participant_BPF_16,8,120.26639771587489,85.09385505286507,189.1357421875,0.000775527,4.73539400100708,27.57228
Participant_BPF_16,9,117.22329891814832,83.47253944115872,183.6181640625,0.00047360925,4.737555503845215,27.574053
Participant_BPF_17,3,121.21410918643032,76.33142991180345,181.25,0.00035477825,3.8505196571350098,18.737415
Participant_BPF_17,4,132.31374952482594,84.41790435775866,200.9765625,0.0016367234,3.0596253871917725,11.772132
Participant_BPF_17,5,122.75080406363963,80.6577104715133,188.623046875,0.0012141167,3.2943596839904785,14.023413
Participant_BPF_17,6,112.05436498601436,73.51538385178694,168.6767578125,0.0002964152,4.505371570587158,24.76488
Participant_BPF_17,7,125.30565910459286,81.52993104488196,191.015625,0.00061123713,3.7949533462524414,19.52626
Participant_BPF_17,8,122.73018216734741,78.12924832009114,186.0107421875,0.00039080827,3.9881796836853027,21.79018
Participant_BPF_17,9,121.00324321534438,77.44293879550925,178.9794921875,0.000438062,4.122825622558594,22.025898
Participant_BPF_18,3,121.50114467024336,77.14625894398125,186.2548828125,0.0003485239,3.7724990844726562,17.279928
Participant_BPF_18,4,127.66405631456242,79.89658389922651,196.875,0.00035252314,3.379760503768921,14.370155
Participant_BPF_18,5,123.69182368553149,80.80553373831499,192.431640625,0.0006210337,3.46761155128479,15.608135
Participant_BPF_18,6,113.66305844152956,74.36514357304382,176.9775390625,0.00027007633,4.469290256500244,25.700195
Participant_BPF_18,7,122.05920907954992,82.40865758838893,191.7236328125,0.0011975097,4.208324909210205,22.72249
Participant_BPF_18,8,121.4293554878179,80.82100988664706,190.6494140625,0.000617779,4.348645210266113,24.774729
Participant_BPF_18,9,119.36244423587932,79.81856737705182,186.9384765625,0.0006251284,4.651443004608154,28.519743
Participant_BPF_19,3,140.1048587674536,92.09165844728584,222.36328125,0.0006174549,3.8093528747558594,19.971405
Participant_BPF_19,4,139.23933280419016,92.1047888771557,222.3388671875,0.0005924254,3.4400384426116943,15.12056
Participant_BPF_19,5,130.0869927693468,89.43468638445613,204.00390625,0.0006534572,3.918876886367798,20.661976
Participant_BPF_19,6,122.62648299278025,86.1539773623129,186.03515625,0.00050661236,4.2093000411987305,23.626293
Participant_BPF_19,7,123.24296302289649,85.46517892202091,188.623046875,0.00052852836,4.370728969573975,24.457664
Participant_BPF_19,8,124.06373077319058,87.26301256836543,190.0634765625,0.0005264808,4.310891151428223,23.526236
Participant_BPF_19,9,118.54754923775576,82.0382086463852,181.2744140625,0.00039334767,4.7863006591796875,30.60662
Participant_BPF_20,3,151.50252063191144,92.35748739032604,226.904296875,0.0013774239,2.6983492374420166,8.0194
Participant_BPF_20,4,152.76405113333527,95.96833114770075,229.1015625,0.0016678203,2.5830090045928955,6.816161
Participant_BPF_20,5,153.07451969504135,97.16014260082383,232.373046875,0.0014737237,2.5257761478424072,6.265609
Participant_BPF_20,6,155.7654849478204,99.50370888632798,235.986328125,0.0024838573,2.5683176517486572,6.8529034
Participant_BPF_20,7,149.54466612495398,95.11183734504966,224.365234375,0.0015009072,2.8182332515716553,8.804152
Participant_BPF_20,8,150.6496990430629,100.52571226335688,225.9765625,0.0019842223,2.6490886211395264,7.3026743
Participant_BPF_20,9,148.95807394320204,103.3672358024227,222.8515625,0.002182511,2.6636078357696533,7.37329
Participant_BPF_21,3,168.37828990327316,111.25395180032334,278.9794921875,0.002225661,2.638791561126709,9.05528
Participant_BPF_21,4,168.6833038778609,115.70649891799462,283.056640625,0.003212162,2.7975783348083496,8.952072
Participant_BPF_21,5,139.88591671448768,104.63778391282733,231.4208984375,0.0015419452,2.888126850128174,9.176289
Participant_BPF_21,6,143.61529233484234,109.14660699376127,238.3056640625,0.0022972617,4.079012870788574,24.518227
Participant_BPF_21,7,147.78979461261756,108.04400006072214,243.603515625,0.0021843105,3.767679452896118,20.074196
Participant_BPF_21,8,146.07758148994762,110.21957198071827,240.5517578125,0.0021454296,3.9487011432647705,22.472826
Participant_BPF_21,9,143.2470018538741,112.47014359068044,236.5478515625,0.0024121283,3.9547362327575684,23.91939
Participant_BPF_22,3,146.89468562029728,97.10559251260183,228.955078125,0.0014923224,3.2307991981506348,13.281374
Participant_BPF_22,4,147.09697073201562,97.39742982879109,225.29296875,0.0015441267,2.9808123111724854,10.632995
Participant_BPF_22,5,147.16337817672002,97.83320583855127,225.830078125,0.0015585833,2.420773506164551,6.07129
Participant_BPF_22,6,145.42252021278915,98.78911561829501,225.3173828125,0.0015934795,2.5130867958068848,7.389477
Participant_BPF_22,7,142.5690583982351,103.39780259017084,224.9755859375,0.0020400356,3.289060592651367,13.850397
Participant_BPF_22,8,139.98833431412677,105.74058285598817,223.3642578125,0.0021000407,3.884204864501953,18.641922
Participant_BPF_22,9,141.10243750640484,104.86851663023681,222.55859375,0.0022218586,3.860944986343384,19.03401
Participant_BPF_23,3,141.61610013881855,90.50326326857714,226.46484375,0.0009909834,3.4858365058898926,15.81226
Participant_BPF_23,4,141.70825435175541,88.44498540910779,222.55859375,0.0007148345,3.1155710220336914,11.777317
Participant_BPF_23,5,143.5302350277977,89.50162362412404,224.267578125,0.00081632007,2.996767282485962,10.665133
Participant_BPF_23,6,137.44828652605074,86.17865118623689,210.400390625,0.0007156897,3.1899309158325195,12.422319
Participant_BPF_23,7,130.03833775929692,84.80382975153472,196.630859375,0.0006776134,3.499587059020996,14.819241
Participant_BPF_23,8,126.85119846800407,83.62230831055471,187.841796875,0.00067151047,3.6559646129608154,17.082115
Participant_BPF_23,9,125.44854005190795,85.18832936490531,184.8876953125,0.00086722086,3.552932024002075,15.258408
Participant_BPF_24,3,141.86885139949806,85.59302006957893,223.583984375,0.00060334604,3.3517730236053467,13.774645
Participant_BPF_24,4,141.89815555045007,82.18099341572083,219.04296875,0.00038288883,3.300835132598877,13.966295
Participant_BPF_24,5,141.39874967511005,84.0343164532587,217.333984375,0.0006005101,3.4172019958496094,15.339592
Participant_BPF_24,6,136.7646452221906,81.6257722687811,209.6923828125,0.00036844166,3.5336110591888428,15.965836
Participant_BPF_24,7,137.2845320981439,81.07058170501011,207.666015625,0.0004885633,3.2026519775390625,13.37579
Participant_BPF_24,8,138.02944231961686,83.48019845927803,211.083984375,0.0011806403,3.2524609565734863,13.797501
Participant_BPF_24,9,136.32648371507102,82.41711226731212,210.3759765625,0.00045750645,3.6652114391326904,18.331432
Participant_BPF_25,3,129.8442323083196,85.49451980054569,199.90234375,0.0008721648,4.370183944702148,24.744284
Participant_BPF_25,4,125.56980490843473,84.21935045146915,191.357421875,0.00040001972,4.475106239318848,25.59075
Participant_BPF_25,5,122.78395601369193,82.75997702187696,185.6689453125,0.0004610769,4.552053928375244,26.000134
Participant_BPF_25,6,119.11610720975882,81.42201172676977,178.173828125,0.00036464256,4.701160907745361,27.35095
Participant_BPF_25,7,123.02718018465357,84.92677356989307,186.376953125,0.0006608995,4.436667442321777,24.763174
Participant_BPF_25,8,120.45576372675296,84.16063348058637,179.8828125,0.00062006,4.598711013793945,27.436422
Participant_BPF_25,9,117.26933394362554,82.85585371565753,172.265625,0.00056973787,5.22909688949585,35.264687
Participant_BPF_26,3,151.27739921684366,91.82599875589055,224.951171875,0.0011539881,2.5194153785705566,6.505539
Participant_BPF_26,4,147.10627329195867,93.30379336947226,219.8974609375,0.0014324763,2.569896936416626,6.7859087
Participant_BPF_26,5,144.44076379371185,90.89323095578752,212.98828125,0.0012095387,2.6693081855773926,7.389552
Participant_BPF_26,6,140.45896304010222,95.39181178598386,208.251953125,0.0014812078,3.0109565258026123,10.429764
Participant_BPF_26,7,145.16081629390536,95.20575059084051,220.7763671875,0.0014320777,3.014639377593994,10.953431
Participant_BPF_26,8,147.11999719727459,96.46820116354034,225.3173828125,0.0014942012,2.6768643856048584,7.954219
Participant_BPF_26,9,143.17785735972618,96.37305556275612,219.3359375,0.0014699552,2.907423973083496,9.624176
Participant_BPF_27,3,145.87339405000841,93.28411399523793,216.0400390625,0.0015366857,2.734074831008911,8.049308
Participant_BPF_27,4,140.49201689032438,92.27687908109786,213.623046875,0.0012266816,3.1682538986206055,11.747376
Participant_BPF_27,5,142.84059112552106,99.53124014932092,223.6083984375,0.0027985466,3.2748358249664307,12.938575
Participant_BPF_27,6,146.1087035960765,101.20737738178877,229.0283203125,0.0018211777,3.4152681827545166,14.291296
Participant_BPF_27,7,148.3015169846943,107.63656877313244,236.1083984375,0.0030230577,3.367271900177002,13.288246
Participant_BPF_27,8,145.2639842607658,100.84699546669205,225.09765625,0.0019923723,3.2598512172698975,12.74973
Participant_BPF_27,9,148.1184788066819,100.26553280173009,230.56640625,0.0019965838,3.060671091079712,10.388877
Participant_BPF_28,3,124.25320373474433,82.20373253446557,186.474609375,0.00066158513,3.7627766132354736,16.631268
Participant_BPF_28,4,128.04815888740404,87.48922157596135,192.67578125,0.0020896725,3.6841185092926025,16.121994
Participant_BPF_28,5,124.24094918900119,85.18700460673053,192.6025390625,0.00055342464,3.9561026096343994,19.69695
Participant_BPF_28,6,135.65451379802676,92.596479943997,214.7705078125,0.0011801764,3.779849052429199,18.544624
Participant_BPF_28,7,135.56601836489523,91.21034883617155,213.96484375,0.0016902365,3.6807210445404053,16.79672
Participant_BPF_28,8,137.10966058687785,94.44751948605435,219.5068359375,0.0062654675,3.7200002670288086,16.689787
Participant_BPF_28,9,134.04663264096706,90.47447536357213,211.42578125,0.0010085116,3.704606056213379,16.502148
Participant_BPF_29,3,114.84378383092569,85.52037984084247,174.8291015625,0.00052028475,4.428431034088135,25.428497
Participant_BPF_29,4,118.1909953011268,93.00454023762391,181.005859375,0.0011157569,4.388810157775879,24.646986
Participant_BPF_29,5,120.13723907177896,95.69218083716194,185.009765625,0.0009266223,4.80187463760376,29.2608
Participant_BPF_29,6,125.7533630085926,103.81872213076818,198.1201171875,0.0022059649,4.514037132263184,26.068222
Participant_BPF_29,7,125.59339677670332,100.5801497515247,199.755859375,0.0011025267,4.514678478240967,26.64192
Participant_BPF_29,8,131.88846370701862,109.1677312800372,211.279296875,0.0027947393,4.2150349617004395,22.07905
Participant_BPF_29,9,125.23802283733252,94.81494296353732,193.5302734375,0.0009662088,3.625619649887085,15.571272
Participant_BPF_30,3,160.79081170340888,97.63055071525801,243.5302734375,0.0012315694,2.7224676609039307,8.079351
Participant_BPF_30,4,159.48025630783502,96.12105273751851,234.47265625,0.002165385,2.730067014694214,8.045739
Participant_BPF_30,5,153.6699695805907,93.38804404715447,223.92578125,0.0014844869,2.796621084213257,8.316676
Participant_BPF_30,6,146.65222460288248,92.12240154708607,211.6455078125,0.0012673012,2.8228538036346436,8.409929
Participant_BPF_30,7,143.1980876602753,95.08221032049146,207.03125,0.0016991928,3.001063585281372,10.358924
Participant_BPF_30,8,148.7322023836799,94.36314571262133,222.2412109375,0.0012591658,2.7527883052825928,8.430221
Participant_BPF_30,9,152.52140310446094,95.94541430720454,228.173828125,0.0025319795,2.677556276321411,7.405429
Participant_BPF_31,3,110.39747444630147,83.0377555302696,163.720703125,0.00040857596,5.209263324737549,33.599934
Participant_BPF_31,4,123.83274177104366,87.84177737183913,191.7724609375,0.0008219505,3.882741928100586,19.061184
Participant_BPF_31,5,131.35110688938317,90.88249623723758,211.2548828125,0.0006880642,3.8570778369903564,18.796564
Participant_BPF_31,6,116.32562482500279,84.75867027311551,180.2734375,0.00079943135,5.000192642211914,32.03257
Participant_BPF_31,7,119.92303268619017,82.49417165206951,188.330078125,0.00030903757,4.793137550354004,30.626091
Participant_BPF_31,8,128.8629967723053,91.56781080545824,206.2255859375,0.001259932,4.315738201141357,24.230577
Participant_BPF_31,9,114.46926901487689,83.41256030366415,171.533203125,0.00035997195,4.650208950042725,27.07648
Participant_BPF_32,3,146.53915236489206,110.5302648369114,238.2080078125,0.0018929392,3.6295461654663086,16.603266
Participant_BPF_32,4,152.5601204870971,119.98185908983714,257.9345703125,0.003525839,4.182060718536377,24.448343
Participant_BPF_32,5,157.86765484770095,124.0528039095459,268.5791015625,0.0032342493,4.112852096557617,23.364681
Participant_BPF_32,6,157.91749864862604,123.1177473275703,266.3330078125,0.0033264135,3.908491373062134,20.416348
Participant_BPF_32,7,154.90104589087557,119.53192353339782,256.3720703125,0.002804532,4.084873676300049,23.6691
Participant_BPF_32,8,148.63194778415104,116.1682429348122,242.08984375,0.0023348494,3.9770500659942627,20.852695
Participant_BPF_32,9,142.46761038015808,112.88158365434192,230.6396484375,0.0020549553,4.426609992980957,26.991043
Participant_BPF_33,3,109.63715239717533,81.26702282970942,160.1806640625,0.0004193794,4.739677906036377,27.443733
Participant_BPF_33,4,103.75639633989351,74.2923296955272,149.267578125,0.00029733815,4.942234039306641,30.277496
Participant_BPF_33,5,110.67062224300612,81.394203787046,164.2333984375,0.000783292,4.310224533081055,23.059906
Participant_BPF_33,6,109.323339607764,76.19048090052156,164.1357421875,0.00032252521,4.221496105194092,22.621964
Participant_BPF_33,7,106.71785196682022,77.62766080808636,155.3955078125,0.00077044556,4.673731803894043,26.865616
Participant_BPF_33,8,104.78004710544019,72.3413044180584,150.5126953125,0.00023688453,4.735700607299805,27.531023
Participant_BPF_33,9,103.95291511285923,72.3889575428135,146.630859375,0.0002905595,4.597152233123779,25.515968
Participant_BPF_34,3,117.01216825324784,81.8595222623142,188.6474609375,0.00029641218,4.867867469787598,29.30972
Participant_BPF_34,4,121.87018633209463,86.284610001617,196.1181640625,0.00059643586,4.569348335266113,25.729456
Participant_BPF_34,5,122.920578788796,85.13465499618137,197.3876953125,0.00097503996,4.338681697845459,22.938759
Participant_BPF_34,6,128.34104740161672,90.71131518415905,212.4755859375,0.0009049339,4.2478790283203125,22.114216
Participant_BPF_34,7,126.63646553631584,93.1491342021907,207.71484375,0.0011855306,4.485487461090088,26.295918
Participant_BPF_34,8,116.56058437234319,86.18873909607545,183.5693359375,0.0005482434,4.5934062004089355,26.174706
Participant_BPF_34,9,112.22828374956097,82.83305826946075,174.072265625,0.00038183708,4.593543529510498,24.791132
Participant_BPF_35,3,129.06226683520305,84.66754583065202,193.06640625,0.00083405635,3.600768804550171,16.20816
Participant_BPF_35,4,133.6641427921641,82.28488262364199,198.681640625,0.0006269097,3.0127506256103516,10.6256485
Participant_BPF_35,5,138.16084999287102,87.35950336875845,206.4453125,0.0014044696,2.917567014694214,9.643061
Participant_BPF_35,6,137.74487889945158,85.69194503438504,204.00390625,0.00090062956,3.0466701984405518,10.691896
Participant_BPF_35,7,135.26404017509617,84.52204927571367,199.658203125,0.00094273966,2.9982831478118896,10.150007
Participant_BPF_35,8,131.25210637113318,87.55431126736772,195.263671875,0.001205392,3.3821427822113037,14.72966
Participant_BPF_35,9,132.95961783995978,85.34950814496374,197.2412109375,0.0008815704,2.7986042499542236,8.552618
Participant_BPF_36,3,135.95607610880626,79.88211383773228,203.61328125,0.0006126572,2.896409034729004,9.419265
Participant_BPF_36,4,131.53619383721224,80.13802959701496,197.900390625,0.00051637436,3.3740856647491455,14.191235
Participant_BPF_36,5,136.1179419322311,82.49411387007483,204.4189453125,0.000635946,3.0928256511688232,11.192135
Participant_BPF_36,6,134.77332784022207,80.67264825675531,205.0537109375,0.00051409734,3.170893669128418,12.028749
Participant_BPF_36,7,130.1561156844546,81.69326947589451,200.78125,0.0010237014,3.465069055557251,14.7699375
Participant_BPF_36,8,135.19013002298536,86.87058676508282,208.8623046875,0.0016657911,3.610150098800659,16.959204
Participant_BPF_36,9,134.781888267254,86.29528713852037,207.71484375,0.00096073665,3.6301729679107666,17.960014
Participant_BPF_37,3,116.0144232346582,72.9903181177818,173.8525390625,0.00019964334,4.110797882080078,21.3688
Participant_BPF_37,4,118.80367145096973,79.2129092746505,182.421875,0.0016797408,4.333437919616699,23.683533
Participant_BPF_37,5,118.07666641311,75.66226837803097,178.0029296875,0.00055235,4.042761325836182,20.22695
Participant_BPF_37,6,119.50997928625142,79.13290506548717,184.130859375,0.004838003,4.0124192237854,19.64949
Participant_BPF_37,7,108.65612985344846,68.43531195025928,157.8369140625,0.00013270958,4.266212463378906,22.553955
Participant_BPF_37,8,111.55111240755858,70.02415357978346,164.7216796875,0.00030573102,4.181357383728027,21.460985
Participant_BPF_37,9,113.06535699718731,74.20380027377114,166.2353515625,0.000489303,4.104549884796143,20.616205
Participant_BPF_38,3,133.76044416174977,80.83177620985978,204.345703125,0.00038929904,2.9505529403686523,10.50808
Participant_BPF_38,4,131.08034289023126,83.11399341940428,197.998046875,0.0006266988,3.414841413497925,14.975466
Participant_BPF_38,5,128.7639296581346,81.52133771070002,192.87109375,0.00047796746,3.577179193496704,15.908709
Participant_BPF_38,6,132.72260176190588,86.69655845898475,201.7578125,0.0014157213,3.5519819259643555,15.228083
Participant_BPF_38,7,135.02607484436413,84.87102185829185,207.666015625,0.0005186768,3.4119069576263428,14.753126
Participant_BPF_38,8,136.83411601271706,89.24247430902608,211.03515625,0.0012397192,3.3226163387298584,13.59593
Participant_BPF_38,9,132.79624305457315,86.74645987505212,207.6904296875,0.00075195776,3.7254514694213867,16.435616
Participant_BPF_39,3,121.92309285020272,89.58305263975414,196.8505859375,0.00039083353,4.835464000701904,28.85168
Participant_BPF_39,4,120.19643299716135,90.2590291150906,194.1162109375,0.0009548746,5.028792858123779,31.106945
Participant_BPF_39,5,112.23521878580479,82.3515951364376,173.1689453125,0.0003121484,5.3712687492370605,34.725643
Participant_BPF_39,6,115.48272801285434,86.9243913171673,178.4912109375,0.0006269969,4.908545017242432,28.915474
Participant_BPF_39,7,116.45871051601759,83.33315345576969,182.6171875,0.00042364822,4.735640525817871,27.769234
Participant_BPF_39,8,114.65008825645714,82.50995425178193,180.517578125,0.00036726723,5.079870700836182,33.01731
Participant_BPF_39,9,112.98930518136945,82.72085099554802,178.076171875,0.0003394239,5.211894512176514,33.017277
Participant_BPF_40,3,132.41972691267554,90.23700472004387,209.1064453125,0.00062859355,3.9439969062805176,20.420843
Participant_BPF_40,4,134.22187790544203,91.50845371354822,209.7412109375,0.00093015365,3.9092514514923096,20.569704
Participant_BPF_40,5,128.31669066934364,90.49872903652756,198.6328125,0.000699015,4.200126647949219,21.705545
Participant_BPF_40,6,126.23406104906061,88.38195500068477,197.4365234375,0.00066873047,4.402350425720215,23.898643
Participant_BPF_40,7,124.3196271805975,86.48400447685863,193.0419921875,0.00059131393,4.226081848144531,21.779278
Participant_BPF_40,8,128.85755965651288,90.77328689857032,201.4404296875,0.0011149875,4.085223197937012,22.087156
Participant_BPF_40,9,123.79573845084815,87.04261481814515,193.7255859375,0.00070258713,4.348168849945068,25.624367
Participant_BPF_41,3,120.34012177463542,79.64377561315898,183.0322265625,0.00039559478,3.7498199939727783,17.617363
Participant_BPF_41,4,121.762703264632,80.72974006757508,183.7890625,0.0004945999,3.7263128757476807,17.459099
Participant_BPF_41,5,116.91579367547811,76.20854124122704,176.8310546875,0.00031940106,4.048555374145508,21.131807
Participant_BPF_41,6,110.00868395311554,75.824562075979,163.0126953125,0.0003052894,4.228728294372559,22.843721
Participant_BPF_41,7,118.12347487923007,77.44122660371923,178.2470703125,0.0003429802,3.7163243293762207,17.300306
Participant_BPF_41,8,117.46409289032412,80.94196200662287,176.5625,0.000598517,4.014708518981934,20.744774
Participant_BPF_41,9,109.35958983776024,77.36193059781158,161.1328125,0.00096773665,4.787309169769287,28.015121
Participant_BPF_42,3,144.6955375253849,82.21046975698724,211.6943359375,0.0006808074,2.3630404472351074,5.346406
Participant_BPF_42,4,141.46081982687778,82.3795604105837,207.373046875,0.00063792145,2.2272515296936035,4.4650407
Participant_BPF_42,5,139.9750530290974,84.44306076600344,207.1533203125,0.0012541941,2.674048900604248,7.3922157
Participant_BPF_42,6,132.22975332237337,84.5667124226911,197.607421875,0.0007741932,2.783958911895752,8.938312
Participant_BPF_42,7,127.5227865792729,89.75278964168024,191.357421875,0.0015086166,4.583752632141113,28.79803
Participant_BPF_42,8,127.67638244383593,86.66918232552248,191.5283203125,0.000764871,3.9932947158813477,22.589067
Participant_BPF_42,9,130.25844075885698,89.73399556008569,194.8974609375,0.0011120422,3.9880473613739014,21.908623
Participant_BPF_43,3,146.11067942400143,89.57603716470551,221.8994140625,0.0008513991,2.084876775741577,3.4440331
Participant_BPF_43,4,146.91139995996886,91.7445251213156,222.4853515625,0.0009834808,2.1037843227386475,3.6451607
Participant_BPF_43,5,143.65906219289695,91.02076212362621,221.6064453125,0.0008697612,3.427729606628418,14.231209
Participant_BPF_43,6,143.04744583185374,88.71577999936468,217.529296875,0.00077669794,3.2756314277648926,13.279484
Participant_BPF_43,7,141.4440632295314,88.03189207838861,215.91796875,0.0010660493,3.2903735637664795,13.304598
Participant_BPF_43,8,138.77282665923983,82.80049577559886,215.52734375,0.0005478059,3.3780064582824707,13.736002
Participant_BPF_43,9,142.42119338087028,88.88334352588052,221.728515625,0.002774292,3.285809278488159,12.895155
Participant_BPF_44,3,139.42260093546938,96.85588628707386,220.9228515625,0.00096649805,2.7845020294189453,9.210865
Participant_BPF_44,4,140.16012153968214,92.47348299871912,220.99609375,0.0010465642,2.8771860599517822,9.396494
Participant_BPF_44,5,131.0186986264764,86.31334660397104,210.3271484375,0.0005404934,3.051088333129883,11.330645
Participant_BPF_44,6,123.89209615131794,91.27700056942402,204.39453125,0.00066529046,3.8982837200164795,18.655745
Participant_BPF_44,7,125.54463558954505,95.39206818089187,208.8623046875,0.00102792,4.393174648284912,24.86398
Participant_BPF_44,8,131.7121513280817,98.03101160390057,217.9931640625,0.0024369147,3.841111421585083,18.74075
Participant_BPF_44,9,127.37793637684308,92.8474075110529,212.1337890625,0.00070832967,3.9930660724639893,20.772089
Participant_BPF_45,3,129.58864065087158,80.68115516102746,198.1201171875,0.00057273684,3.4260995388031006,14.812223
Participant_BPF_45,4,126.48797730871351,79.56638635132121,191.6015625,0.0005685735,3.7734756469726562,17.292831
Participant_BPF_45,5,126.65474506265048,78.62221451184075,191.4794921875,0.00065048184,3.650538444519043,16.685883
Participant_BPF_45,6,127.49202319196336,82.5056362081765,192.87109375,0.00066697964,3.626762866973877,15.397606
Participant_BPF_45,7,136.00666490325455,87.91712931530319,205.76171875,0.0013882922,3.338386297225952,13.171715
Participant_BPF_45,8,138.16458187502946,84.76733808311073,209.6435546875,0.000796872,3.2166478633880615,12.095311
Participant_BPF_45,9,141.94722675010928,88.72354603808114,217.1630859375,0.0018818155,3.018134593963623,10.860808
Participant_BPF_46,3,120.02873245363291,81.27033058095283,184.8876953125,0.0005829617,4.1350178718566895,20.566523
Participant_BPF_46,4,125.09045234819169,85.4909551384579,200.9521484375,0.0037119216,4.39138126373291,26.380024
Participant_BPF_46,5,120.43164792541111,79.26197996621529,186.5966796875,0.00064953486,4.255198955535889,24.57565
Participant_BPF_46,6,114.7796927549264,76.19525619634616,178.3203125,0.0003603052,4.235776424407959,21.409601
Participant_BPF_46,7,116.30242167882489,79.04871016741234,179.150390625,0.0005364258,4.080955505371094,20.509943
Participant_BPF_46,8,117.2384012522385,76.35136861034678,177.9296875,0.00037548653,3.9943411350250244,19.554924
Participant_BPF_46,9,115.71826868868679,77.97634380428761,175.927734375,0.0005205447,4.13040828704834,19.731928
Participant_BPF_47,3,141.90784402374948,79.73279113607487,204.9560546875,0.0021425078,3.032496690750122,9.9716015
Participant_BPF_47,4,134.8771065625063,73.37167760677241,193.5791015625,0.00048261695,3.2378554344177246,11.911115
Participant_BPF_47,5,140.4321391754484,77.71744995106874,204.98046875,0.0038756565,2.9220757484436035,9.084736
Participant_BPF_47,6,142.26834875891453,72.33195069030619,203.955078125,0.00034438033,2.8480899333953857,8.691869
Participant_BPF_47,7,147.13078541727052,82.68641410111874,218.5302734375,0.008313851,3.0368518829345703,10.543941
Participant_BPF_47,8,136.83113420044205,75.41620356939738,196.7529296875,0.00045749577,3.339586019515991,13.084753
Participant_BPF_47,9,135.02762050667792,76.36786161827493,195.2880859375,0.0005778881,3.3326468467712402,12.517938
Participant_BPF_48,3,136.8448961560361,89.37871900119724,217.138671875,0.00083441817,3.8195033073425293,20.298182
Participant_BPF_48,4,131.8252042148687,86.85500284730392,205.8349609375,0.0009666191,3.5578763484954834,16.284578
Participant_BPF_48,5,123.57738338456943,80.04783792002914,189.74609375,0.0005106654,3.8341851234436035,18.27272
Participant_BPF_48,6,126.07832636484326,85.47776018453388,196.9482421875,0.0018845781,3.1769425868988037,12.8881855
Participant_BPF_48,7,124.65733807612233,83.12773105394339,194.23828125,0.0005828248,3.213437795639038,13.342152
Participant_BPF_48,8,126.08470688095954,82.81530933061421,195.703125,0.0006705204,4.258431434631348,23.963036
Participant_BPF_48,9,123.00624385235434,80.36292393060042,186.03515625,0.00073981413,4.35916805267334,24.604507
Participant_BPF_49,3,117.75125601117345,80.24475989719659,191.9677734375,0.00026078516,5.055510997772217,32.30308
Participant_BPF_49,4,121.59512622667421,82.19357596476114,203.4912109375,0.00027051265,4.9183573722839355,30.326473
Participant_BPF_49,5,123.37719150042258,87.37284662614088,205.2490234375,0.00051792926,4.800036430358887,28.869478
Participant_BPF_49,6,119.65605959982182,83.5802226796582,195.4345703125,0.00034328125,4.851491928100586,29.430447
Participant_BPF_49,7,118.91252486175185,83.06922468005155,194.7265625,0.00035478867,5.0876922607421875,31.73679
Participant_BPF_49,8,121.03312062877532,82.72469279903763,201.025390625,0.00032101732,4.770160675048828,27.747301
Participant_BPF_49,9,121.01247873575747,81.76860600436405,198.779296875,0.00026786735,4.80852746963501,29.24282
Participant_BPF_50,3,121.25679756080095,80.89680188251245,189.94140625,0.0003584205,4.41986083984375,24.460299
Participant_BPF_50,4,120.5580160755429,80.74409738561216,190.1123046875,0.00034162536,4.809807300567627,29.78674
Participant_BPF_50,5,118.86937626646412,78.69830429669568,186.0107421875,0.00029563127,4.805227756500244,30.045845
Participant_BPF_50,6,117.10633194177254,77.98163577797978,183.2275390625,0.00026813173,4.838443756103516,29.058495
Participant_BPF_50,7,120.0337057697283,81.35392256179475,191.3330078125,0.0004165262,4.957301616668701,31.053886
Participant_BPF_50,8,119.52634676300136,82.85881438249878,188.037109375,0.000441387,4.928552627563477,30.662426
Participant_BPF_50,9,121.80533276488396,82.45404855864663,188.7939453125,0.00054051075,4.701798915863037,28.788702
Participant_BPF_51,3,154.12095736421773,84.71323599477735,228.6376953125,0.00071566034,2.599031925201416,6.9727335
Participant_BPF_51,4,153.58196607746987,86.33539954880317,229.8828125,0.0009631187,2.6045660972595215,7.125332
Participant_BPF_51,5,140.06549773561756,81.10483621649351,207.568359375,0.000639122,3.18365740776062,11.445938
Participant_BPF_51,6,138.34001672262752,86.52251212007135,207.666015625,0.0012386305,2.98960280418396,9.633354
Participant_BPF_51,7,135.29949746425004,87.52224424354581,202.5390625,0.001069154,3.1852188110351562,11.701318
Participant_BPF_51,8,134.2790927327256,85.65977187941489,198.8525390625,0.0009214535,3.116556167602539,10.912951
Participant_BPF_51,9,132.9383045944577,83.22699956369452,197.265625,0.00067833764,3.454058885574341,14.226995
Participant_BPF_52,3,113.63754987525809,84.20664864344863,173.5107421875,0.0004709856,4.536137104034424,24.07528
Participant_BPF_52,4,111.8210052481015,80.50509401867149,167.529296875,0.00024880652,4.341829776763916,22.253511
Participant_BPF_52,5,108.21943079962125,78.1840396700023,155.0048828125,0.00027221715,4.584334373474121,26.40852
Participant_BPF_52,6,103.52731611525851,76.34544141539138,145.21484375,0.00026337753,4.68485164642334,25.448984
Participant_BPF_52,7,105.95429785887836,80.77720458862925,150.9033203125,0.00053916586,5.142341613769531,34.074284
Participant_BPF_52,8,104.85148111640038,75.53273052769711,146.6064453125,0.0003513366,4.566533088684082,24.251911
Participant_BPF_52,9,103.02514272687881,76.52314854660143,144.189453125,0.00034875673,4.715469837188721,26.036
Participant_BPF_53,3,135.1810578657308,76.90383443625846,205.2734375,0.00037037305,2.9115490913391113,9.584526
Participant_BPF_53,4,138.784909435178,79.962924264522,209.1064453125,0.0005329819,2.565288782119751,6.942257
Participant_BPF_53,5,137.34070901571013,77.10328455066993,205.126953125,0.0004382243,2.5240073204040527,6.8622904
Participant_BPF_53,6,135.69926996883856,80.56150484244851,200.5126953125,0.0012568778,3.127671480178833,11.004945
Participant_BPF_53,7,136.54930894084137,77.06904710042886,200.390625,0.00048689605,3.1989543437957764,11.616378
Participant_BPF_53,8,142.44234699722347,82.52307234993407,214.1845703125,0.0038506985,2.7388906478881836,7.7654705
Participant_BPF_53,9,143.05371904793896,77.550059123844,211.0595703125,0.0004335835,2.756690263748169,7.9643755
Participant_BPF_54,3,139.61417242390772,104.60598335050432,214.111328125,0.0020267605,2.735164165496826,7.806057
Participant_BPF_54,4,139.65710018640917,102.01441478090868,212.5244140625,0.0019114108,2.7430248260498047,8.587146
Participant_BPF_54,5,137.08965506538007,101.99539950387798,208.30078125,0.0018968489,2.9843955039978027,10.930429
Participant_BPF_54,6,137.21855647503307,103.37427667711486,210.5224609375,0.0019828104,3.242206573486328,13.240311
Participant_BPF_54,7,134.3716945496923,105.56693039086633,205.9326171875,0.0021707467,3.535876750946045,15.1507
Participant_BPF_54,8,130.81862160922438,106.10962544265287,200.5859375,0.0021632367,4.331405162811279,24.995613
Participant_BPF_54,9,129.37517325848034,108.1318888960354,199.3896484375,0.002141306,4.685338973999023,29.877178
Participant_BPF_55,3,113.52713180553528,69.4015961590107,171.142578125,0.00016798521,4.665560722351074,26.892382
Participant_BPF_55,4,111.63686463325512,69.15639596971135,165.576171875,0.00031902097,4.878897666931152,30.021473
Participant_BPF_55,5,106.53002857945793,63.2401265438426,156.4208984375,9.5507676e-05,5.253271102905273,35.544758
Participant_BPF_55,6,107.53122185400753,65.98660236844167,157.6416015625,0.000154471,5.356370449066162,36.64823
Participant_BPF_55,7,108.57636577276666,63.798064446276136,162.01171875,9.191114e-05,5.232919216156006,35.497627
Participant_BPF_55,8,110.56905168310428,65.26660659421874,166.015625,0.00010902084,4.805445194244385,28.676287
Participant_BPF_55,9,115.52040028291405,69.1255975215648,172.65625,0.00022029658,4.266704559326172,22.8594
Participant_BPF_56,3,144.89084460119403,85.81388649931787,207.91015625,0.0009405351,2.4911673069000244,5.9875603
Participant_BPF_56,4,145.82646160618623,86.17675534604136,211.71875,0.00093823124,2.436605215072632,5.650301
Participant_BPF_56,5,146.48320121632122,90.37580883855044,217.0654296875,0.0014803031,2.489915132522583,6.204934
Participant_BPF_56,6,147.1768222656528,88.83737190320525,220.0927734375,0.0010356207,2.4811341762542725,6.195594
Participant_BPF_56,7,145.2866156312918,89.24956586744834,216.064453125,0.0013876379,2.3784143924713135,5.567275
Participant_BPF_56,8,135.5394799522847,87.88964470919123,202.9541015625,0.0009785242,2.7992618083953857,9.290385
Participant_BPF_56,9,130.39010843142916,87.34557221718927,198.9501953125,0.0009409748,3.261787176132202,12.665931
Participant_BPF_57,3,143.24921752078086,88.2239536773682,214.0625,0.0011728144,2.2055838108062744,4.1461964
Participant_BPF_57,4,139.804298800066,85.60773616288137,210.6689453125,0.0009726145,2.9167532920837402,9.949142
Participant_BPF_57,5,139.2046935528662,82.23010930310409,208.837890625,0.0007502305,2.834113359451294,9.002721
Participant_BPF_57,6,136.9793948103576,82.88575666411367,208.30078125,0.00064851384,2.692664384841919,8.126
Participant_BPF_57,7,133.9774732661022,81.8647091877939,206.1279296875,0.0006030927,2.9577062129974365,10.847106
Participant_BPF_57,8,131.2354506424478,83.42293115916762,203.9794921875,0.00061143533,3.665438413619995,18.001177
Participant_BPF_57,9,131.5343000277119,84.65609801634693,208.4228515625,0.0006102379,3.708512306213379,18.059063
Participant_BPF_58,3,139.96540187198497,93.31180208047238,213.5009765625,0.0012026838,2.921415328979492,9.629437
Participant_BPF_58,4,139.1721195218673,93.33243318490926,207.9345703125,0.0012369441,2.865098237991333,9.172843
Participant_BPF_58,5,139.17473665097526,99.26934388564152,207.8125,0.0018357761,3.526000499725342,14.888287
Participant_BPF_58,6,137.04693432417906,96.29175277563729,207.0068359375,0.0013131464,3.5951004028320312,15.813311
Participant_BPF_58,7,137.1969813146382,96.13017560906484,206.2255859375,0.0012948744,3.7527313232421875,18.143835
Participant_BPF_58,8,138.0573475664421,99.79573501643043,208.7158203125,0.0015142016,3.938319206237793,19.945683
Participant_BPF_58,9,137.91461170865327,102.3733434076338,210.44921875,0.0016260896,4.134745121002197,22.245508
Participant_BPF_59,3,126.41936468538454,81.77869332439408,188.0615234375,0.0009393729,3.1514546871185303,11.284633
Participant_BPF_59,4,116.00549398584693,80.46005025797976,172.705078125,0.0004832659,4.446521759033203,24.200203
Participant_BPF_59,5,120.33014502439809,88.08172119126947,180.0048828125,0.0021808061,4.433953285217285,24.406082
Participant_BPF_59,6,122.33958647526474,86.1154932306744,184.912109375,0.00064395985,4.319904327392578,25.100416
Participant_BPF_59,7,127.84881145452064,94.14846782358453,198.0712890625,0.0012838508,4.254411697387695,24.07376
Participant_BPF_59,8,123.55204479206881,94.56826536962014,192.5048828125,0.0011208126,5.059695720672607,33.651207
Participant_BPF_59,9,121.73688537171992,92.77745981866428,187.109375,0.003153909,5.1494574546813965,36.34232
Participant_BPF_60,3,141.32325923749767,95.57838256523493,210.107421875,0.0013341736,3.2230100631713867,12.266999
Participant_BPF_60,4,142.6891133979004,94.39213813885593,216.6748046875,0.0015565904,3.331758975982666,13.632341
Participant_BPF_60,5,147.53251754257454,98.21249785482937,223.9501953125,0.0022014908,3.0861494541168213,11.769289
Participant_BPF_60,6,153.2355107594145,98.66917904116664,234.765625,0.001620664,2.9258809089660645,10.429834
Participant_BPF_60,7,156.84159135219795,102.4573542737046,247.6318359375,0.0020541279,2.9056501388549805,9.992901
Participant_BPF_60,8,151.40544429790452,102.03103347269037,238.76953125,0.0018351857,3.1239280700683594,11.419166
Participant_BPF_60,9,145.8889420654421,95.76508706676387,222.998046875,0.0014742246,2.849196434020996,8.924406
Participant_BPF_61,3,153.98184807988773,81.81180684052802,217.4072265625,0.00074552005,2.9589011669158936,9.203912
Participant_BPF_61,4,158.8332656888586,95.79796751304397,228.02734375,0.0027403724,2.787513256072998,7.789564
Participant_BPF_61,5,159.30472723215786,100.80450345764916,232.91015625,0.0019812789,3.023991107940674,10.414252
Participant_BPF_61,6,161.60705074131428,106.42299764506706,239.6484375,0.002568135,2.644564151763916,6.947961
Participant_BPF_61,7,162.8960850742778,106.48144816210663,244.3115234375,0.00251108,2.7769103050231934,8.091975
Participant_BPF_61,8,165.73708779514098,110.48160612950396,246.6796875,0.0028788077,3.249500274658203,13.053537
Participant_BPF_61,9,168.56183600970468,116.89525837747388,259.1796875,0.004453783,3.2676684856414795,13.880293
Participant_BPF_62,3,146.46216225270436,90.01950450497452,214.6728515625,0.0011350962,2.4147286415100098,5.6418324
Participant_BPF_62,4,139.93643895476376,92.93682353182666,203.271484375,0.0012895064,2.4936342239379883,6.212558
Participant_BPF_62,5,141.7801888148919,96.54494560269445,207.2509765625,0.0017372653,2.64080548286438,7.3283253
Participant_BPF_62,6,138.40246019624593,96.88060346821723,204.8095703125,0.001557424,2.7072556018829346,7.640259
Participant_BPF_62,7,137.78511513480717,100.62597607052463,205.7861328125,0.0032281887,3.3551244735717773,13.143656
Participant_BPF_62,8,133.489158932509,93.0757782518235,198.388671875,0.0013158107,3.6396288871765137,17.268755
Participant_BPF_62,9,133.61157695084407,95.2779706055151,201.6845703125,0.001782011,3.323193311691284,13.6231575
Participant_BPF_63,3,132.18901225750508,81.00917780590609,199.4873046875,0.0012641217,3.1885645389556885,11.987057
Participant_BPF_63,4,131.69739401569535,79.03576853503314,200.927734375,0.00040792619,3.114306688308716,11.77524
Participant_BPF_63,5,138.73583929738544,85.95827621294848,215.33203125,0.0029209587,2.5410733222961426,6.9158707
Participant_BPF_63,6,133.21592033134726,80.84989820933751,204.1748046875,0.00048733648,2.3086533546447754,5.119521
Participant_BPF_63,7,136.05848292393503,87.07609834273288,212.255859375,0.003183825,3.246692657470703,12.225986
Participant_BPF_63,8,135.7519342861752,87.51416811652275,215.869140625,0.005161726,3.4951953887939453,15.490784
Participant_BPF_63,9,130.98775901732847,80.64788054867535,202.0263671875,0.000528437,3.2572100162506104,12.86831
Participant_BPF_64,3,137.30480362353836,78.15411218040747,198.53515625,0.0005265633,2.5629076957702637,6.304947
Participant_BPF_64,4,139.7083669580782,80.61200243707052,202.1240234375,0.0006539056,2.6104493141174316,6.8200064
Participant_BPF_64,5,140.01108682230605,77.85262594690978,202.001953125,0.0005925905,2.7107677459716797,7.815627
Participant_BPF_64,6,134.76762946123603,78.83091336195916,194.140625,0.0008262979,2.8105952739715576,8.259908
Participant_BPF_64,7,136.91895408388967,78.16427408354534,198.2666015625,0.0006855783,2.7594363689422607,8.012734
Participant_BPF_64,8,138.51885431246478,77.72298350901704,200.1708984375,0.0006099046,2.7465453147888184,7.9895315
Participant_BPF_64,9,132.33655882405006,77.31053952723042,190.576171875,0.00046419376,3.0706324577331543,10.774255
Participant_BPF_65,3,124.06271323268459,80.85429844633009,189.404296875,0.0004791394,3.1624767780303955,11.785034
Participant_BPF_65,4,126.04789662507592,87.06152152559429,195.947265625,0.0025842912,3.1612744331359863,12.053665
Participant_BPF_65,5,118.94185465340907,82.00582171649317,181.5185546875,0.00059096236,4.242725372314453,21.682346
Participant_BPF_65,6,124.91395207637478,90.99128235822874,196.2890625,0.0035411615,4.273931503295898,22.13619
Participant_BPF_65,7,125.80625488058263,85.29129089820397,193.1640625,0.0006650158,4.065816402435303,19.983452
Participant_BPF_65,8,123.24251792077595,82.52454825567082,187.3046875,0.0005495752,4.067617416381836,20.202871
Participant_BPF_65,9,121.09405205265466,80.84532177814236,181.787109375,0.0005192467,3.8956499099731445,18.055721
Participant_BPF_66,3,133.76355141204334,91.43806297017761,226.7333984375,0.00087820657,4.614063739776611,30.719944
Participant_BPF_66,4,136.42324176264134,91.77538640762825,228.61328125,0.0008062689,4.133306980133057,22.693985
Participant_BPF_66,5,138.05158676761374,89.64668389843882,226.708984375,0.00063193945,3.7948758602142334,18.858002
Participant_BPF_66,6,140.39181800683824,90.14431943470144,229.052734375,0.0010262772,3.3671715259552,15.495256
Participant_BPF_66,7,142.08729659035274,88.65418395562743,229.8095703125,0.0007151577,3.1072654724121094,12.032466
Participant_BPF_66,8,140.4930359660482,89.89614478394496,226.1474609375,0.0011421468,3.461038589477539,15.210222
Participant_BPF_66,9,136.6055466376899,87.25143472566296,221.77734375,0.0006601064,3.2306180000305176,13.254337
Participant_BPF_67,3,122.1173693323623,83.64519123578323,182.12890625,0.001863176,4.192507266998291,21.767162
Participant_BPF_67,4,120.91475083153018,77.62586440625236,182.8125,0.00029973447,4.418071746826172,25.047937
Participant_BPF_67,5,132.9901704397573,86.97968990944726,207.6904296875,0.00081479305,4.027256965637207,21.533518
Participant_BPF_67,6,138.11680244425622,88.33809555363366,218.310546875,0.0006277134,3.805222749710083,18.652353
Participant_BPF_67,7,147.73558635665626,93.56525885538287,237.2314453125,0.00067401805,3.2967238426208496,14.547844
Participant_BPF_67,8,142.54272482706853,88.0577399702699,224.0234375,0.00070369185,3.6200008392333984,19.01295
Participant_BPF_67,9,125.56396389271484,79.11013844287577,191.4794921875,0.00034833557,3.974790334701538,20.418987
Participant_BPF_68,3,138.40444622737272,76.89848731043426,206.0791015625,0.0002621262,2.990572214126587,10.3639
Participant_BPF_68,4,136.27656556848893,74.33063699483327,201.4404296875,0.0002191187,2.9141247272491455,9.43025
Participant_BPF_68,5,132.42172818961183,74.12145631981656,195.21484375,0.00035797156,3.0933029651641846,10.403433
Participant_BPF_68,6,132.76444997215776,75.60124011752877,197.9736328125,0.00031224388,3.2918851375579834,13.172405
Participant_BPF_68,7,132.04642125520567,75.48825970531058,195.8251953125,0.000875487,3.336042642593384,12.774966
Participant_BPF_68,8,133.21370456090733,73.77513257146792,199.951171875,0.00041307014,3.4175214767456055,14.150116
Participant_BPF_68,9,132.49047916314908,78.45345177160235,198.5595703125,0.0005221681,3.5298914909362793,15.40877
Participant_BPF_69,3,147.19680663747232,92.84101660390237,236.4501953125,0.00066855905,3.527057647705078,16.447414
Participant_BPF_69,4,146.88701207009836,89.65346002394031,233.10546875,0.00046161507,3.273571491241455,14.071085
Participant_BPF_69,5,149.7729450990209,93.20193310737679,237.9150390625,0.0007019009,3.3241493701934814,14.994837
Participant_BPF_69,6,149.80364083073508,93.61033041736121,237.59765625,0.0006023216,3.3670568466186523,14.814869
Participant_BPF_69,7,146.0614433655744,94.72145235254288,230.908203125,0.0010839953,3.5179293155670166,16.906641
Participant_BPF_69,8,145.24504876941756,92.62711676406425,231.54296875,0.0006180332,3.5382232666015625,17.823017
Participant_BPF_69,9,152.11344416421684,100.18907968855422,244.287109375,0.002194859,3.0554046630859375,11.773368
Participant_BPF_70,3,150.95490091815483,86.2006284129684,218.9453125,0.0016469915,2.7535226345062256,7.8464355
Participant_BPF_70,4,149.28850095014138,88.20765836563938,219.23828125,0.0025032798,2.5404129028320312,6.2686234
Participant_BPF_70,5,145.6978459617834,87.43373575771008,211.767578125,0.001119029,2.526124954223633,6.4424467
Participant_BPF_70,6,147.8863132279627,87.8430031346692,219.482421875,0.0010579035,2.715040922164917,8.074848
Participant_BPF_70,7,142.0132282640408,87.61496703373211,210.64453125,0.0011649309,2.7231810092926025,8.1696205
Participant_BPF_70,8,146.2369552555303,87.6451709418508,216.6259765625,0.001533401,2.691021203994751,7.610607
Participant_BPF_70,9,154.74220362198835,88.69554577264736,228.759765625,0.0015085257,2.6334338188171387,7.2283964
Participant_BPF_71,3,152.44726966940635,90.62839429298653,232.8857421875,0.0012330394,2.650376558303833,7.3732758
Participant_BPF_71,4,138.39598618401496,86.29362860168492,215.380859375,0.00085983064,3.027358055114746,10.992365
Participant_BPF_71,5,127.04159460526311,81.8091345311729,199.072265625,0.0005344937,3.60373854637146,16.429232
Participant_BPF_71,6,127.92989249804813,82.10457715765759,199.4140625,0.00053437334,3.332509756088257,14.486084
Participant_BPF_71,7,125.28062396914228,84.65261703195351,193.115234375,0.0025136084,3.7197656631469727,18.165956
Participant_BPF_71,8,116.99588432516175,79.73588938913001,180.322265625,0.00047321068,4.269860744476318,24.004248
Participant_BPF_71,9,120.91204032220453,84.9645072723933,188.0615234375,0.0020625812,4.607378005981445,28.67655
Participant_BPF_72,3,124.15665019843527,86.1941467711089,198.681640625,0.0008998179,4.1729350090026855,23.662716
Participant_BPF_72,4,121.97210835939777,83.77290465179013,194.9951171875,0.0006095863,4.7913408279418945,34.54825
Participant_BPF_72,5,120.73489589608683,85.8748742466031,191.357421875,0.0010565786,5.3156304359436035,42.548447
Participant_BPF_72,6,119.82331585159281,82.40528148759759,191.2109375,0.0005745786,4.814741134643555,31.741863
Participant_BPF_72,7,116.40521231499906,83.31178850940378,185.6201171875,0.00069681485,4.951145172119141,32.59146
Participant_BPF_72,8,117.0171003067675,83.77072217286259,188.525390625,0.0005304913,5.214195728302002,37.468616
Participant_BPF_72,9,120.5504749070631,82.61688923509745,194.8486328125,0.00039811974,4.794337749481201,32.810055
Participant_BPF_73,3,123.00429685406752,77.65157956515326,185.205078125,0.0004412813,4.266749858856201,24.30837
Participant_BPF_73,4,129.53489770955994,76.75287350072206,194.775390625,0.00043377565,2.1273128986358643,3.9068604
Participant_BPF_73,5,127.86175367387825,75.96397645832877,191.455078125,0.00039239475,2.136561155319214,3.9266882
Participant_BPF_73,6,126.08237296480812,78.45961271207432,187.3291015625,0.00070651434,3.678295135498047,17.684822
Participant_BPF_73,7,128.22447968536972,77.70096216804943,191.552734375,0.0005059706,3.476815938949585,15.845715
Participant_BPF_73,8,125.16864930901143,76.31614696352274,185.5224609375,0.00053537457,3.799577474594116,18.605461
Participant_BPF_73,9,120.78355560040987,73.71293974328962,181.54296875,0.0002892083,4.220682621002197,24.904522
Participant_BPF_74,3,150.09091299318933,90.00850434172753,226.2939453125,0.0012201223,2.7102572917938232,7.9687967
Participant_BPF_74,4,149.08401553300928,89.40885314257143,222.9248046875,0.0012923535,2.6938517093658447,7.702235
Participant_BPF_74,5,140.43855102973356,82.43918960659835,209.4970703125,0.0006444996,3.007310390472412,10.389013
Participant_BPF_74,6,145.94640326700454,88.82410982048857,219.1650390625,0.0021308619,2.9802708625793457,10.107475
Participant_BPF_74,7,146.98109301397048,87.16403131472995,223.73046875,0.0007947691,2.933199882507324,9.767964
Participant_BPF_74,8,143.88759698522455,87.37669212486607,215.283203125,0.0013375153,3.1411631107330322,12.065343
Participant_BPF_74,9,140.37556689894993,82.46421308161659,207.91015625,0.00079407066,2.948925495147705,9.676744
Participant_BPF_75,3,118.85284686195114,77.82226592210513,181.0302734375,0.0005878756,4.592095375061035,28.53944
Participant_BPF_75,4,116.83170768753709,77.14910407648804,176.0498046875,0.00044241146,4.415413856506348,24.935469
Participant_BPF_75,5,116.76658860744219,77.44513493795412,176.5380859375,0.0004294791,4.411632061004639,24.658628
Participant_BPF_75,6,119.70111059565075,77.39120024483579,182.421875,0.0004635277,4.280056953430176,23.633625
Participant_BPF_75,7,120.62332811098572,78.97666358565871,183.0810546875,0.0007982714,4.108928680419922,21.914873
Participant_BPF_75,8,119.1957530526397,80.6328562874418,181.7626953125,0.0013840417,4.1428375244140625,21.449188
Participant_BPF_75,9,122.09916370856715,82.9616185166567,184.7900390625,0.001238172,3.6579766273498535,17.255495
Participant_BPF_76,3,152.09274055782384,86.89074886202263,219.4091796875,0.0010604484,2.8395955562591553,8.515388
Participant_BPF_76,4,151.26679652281683,87.68779811248571,219.53125,0.0012033338,2.9136242866516113,9.349171
Participant_BPF_76,5,144.4329056898221,91.51823653001523,208.7890625,0.0017607764,3.1101326942443848,10.447002
Participant_BPF_76,6,139.67243194642194,95.16620759884657,198.6083984375,0.0016762143,3.3646328449249268,13.023888
Participant_BPF_76,7,139.56374820333204,92.87861539940484,198.33984375,0.0015037624,3.1949474811553955,11.330837
Participant_BPF_76,8,140.34241506250714,89.54583710612691,199.4140625,0.0014156312,3.125110626220703,10.744606
Participant_BPF_76,9,140.07049450316512,90.2039150295154,200.1220703125,0.0014806928,3.1340506076812744,10.968142
Participant_BPF_77,3,134.0006608296771,75.19883650817783,194.3603515625,0.00039930138,2.607468843460083,6.7173147
Participant_BPF_77,4,132.63167821113814,78.92387210846348,193.5791015625,0.0012755193,2.664340019226074,7.550276
Participant_BPF_77,5,129.8472381589109,74.26872603946677,192.7734375,0.00040543987,2.656970500946045,7.3332176
Participant_BPF_77,6,129.01493854828058,74.3620189874679,191.1376953125,0.00055920455,3.310526132583618,12.596401
Participant_BPF_77,7,129.32563025027576,74.74035611881091,191.4306640625,0.00055004837,3.2956838607788086,12.748419
Participant_BPF_77,8,128.184242013828,74.34234736186171,190.33203125,0.0003950089,3.239016056060791,12.423125
Participant_BPF_77,9,127.29860512277737,75.80589370643536,189.599609375,0.00057642395,3.2368757724761963,11.612821
Participant_BPF_78,3,117.44004860720811,84.3911700145517,186.7919921875,0.0007018348,4.415653705596924,24.372019
Participant_BPF_78,4,117.33972210930627,82.2871595281369,189.74609375,0.00032774505,4.6040544509887695,28.415588
Participant_BPF_78,5,123.85314297887278,88.46771994332566,206.93359375,0.00059475,4.546357154846191,26.79878
Participant_BPF_78,6,130.42995499114699,93.1721140416568,221.875,0.00051596266,3.8788323402404785,18.297571
Participant_BPF_78,7,127.80866205733128,90.9407058924954,213.5009765625,0.00070860155,4.2499098777771,23.128868
Participant_BPF_78,8,120.97873006473856,85.81999203767397,198.681640625,0.00039423295,4.562989234924316,26.392809
Participant_BPF_78,9,121.17540836034834,86.83707764857076,197.4365234375,0.00063834083,4.536154270172119,26.330387
