participant,segment,rms,zcr,amplitude_range,max_amplitude,min_amplitude,skewness,kurtosis
Participant_BPF_01,3,0.0056124264,0.09197998046875,0.22616577,0.09680176,-0.12936401,-1.2612522840499878,85.23598
Participant_BPF_01,4,0.0045651696,0.09151611328125,0.22616577,0.09680176,-0.12936401,-1.1578818559646606,101.55585
Participant_BPF_01,5,0.0032611124,0.08968505859375,0.21176147,0.10458374,-0.107177734,-0.0700092688202858,203.89143
Participant_BPF_01,6,0.0034730756,0.09146728515625,0.21176147,0.10458374,-0.107177734,-0.20820583403110504,202.28375
Participant_BPF_01,7,0.0023590734,0.0915771484375,0.08880615,0.046875,-0.041931152,-0.6400396227836609,48.10452
Participant_BPF_01,8,0.0023867083,0.091357421875,0.07232666,0.029876709,-0.04244995,-1.2450562715530396,32.86153
Participant_BPF_01,9,0.002483388,0.091259765625,0.07678223,0.029876709,-0.046905518,-1.5716829299926758,43.013554
Participant_BPF_02,3,0.0043404996,0.099560546875,0.16323853,0.07348633,-0.0897522,-0.5049540996551514,77.22514
Participant_BPF_02,4,0.0036450285,0.10252685546875,0.1295166,0.069000244,-0.060516357,0.10204759240150452,54.537136
Participant_BPF_02,5,0.0025298295,0.1021728515625,0.06866455,0.029693604,-0.038970947,-0.23012222349643707,20.332373
Participant_BPF_02,6,0.0025501836,0.1010986328125,0.11114502,0.04473877,-0.06640625,-0.946306586265564,81.87084
Participant_BPF_02,7,0.0023304876,0.10084228515625,0.11114502,0.04473877,-0.06640625,-1.0309982299804688,103.65766
Participant_BPF_02,8,0.0020747404,0.10166015625,0.04458618,0.02130127,-0.023284912,0.2693627178668976,18.321257
Participant_BPF_02,9,0.0022431666,0.10347900390625,0.05215454,0.027038574,-0.025115967,0.0183839313685894,17.691034
Participant_BPF_03,3,0.0024573256,0.10322265625,0.11013794,0.04714966,-0.06298828,-2.934805393218994,114.80209
Participant_BPF_03,4,0.0021573259,0.10233154296875,0.08148193,0.033416748,-0.048065186,-2.452209711074829,79.362526
Participant_BPF_03,5,0.0018064126,0.10279541015625,0.07418823,0.027496338,-0.046691895,-1.7915560007095337,64.65357
Participant_BPF_03,6,0.001571619,0.1183349609375,0.027801514,0.015319824,-0.012481689,-0.10918444395065308,9.576545
Participant_BPF_03,7,0.0015872158,0.1210205078125,0.022155762,0.011199951,-0.010955811,-0.18541230261325836,7.966277
Participant_BPF_03,8,0.0015252645,0.10758056640625,0.029327393,0.0152282715,-0.014099121,-0.17372135818004608,9.71623
Participant_BPF_03,9,0.0014181844,0.1052978515625,0.029327393,0.0152282715,-0.014099121,-0.1335420310497284,11.358006
Participant_BPF_04,3,0.0027741352,0.1092529296875,0.15649414,0.064971924,-0.09152222,-2.4220004081726074,181.82867
Participant_BPF_04,4,0.003197784,0.1056884765625,0.15649414,0.064971924,-0.09152222,-2.606426239013672,145.27777
Participant_BPF_04,5,0.0030968525,0.10277099609375,0.1368103,0.05419922,-0.082611084,-2.233280897140503,110.873024
Participant_BPF_04,6,0.002653617,0.108447265625,0.11773682,0.047943115,-0.0697937,-2.453246831893921,111.54884
Participant_BPF_04,7,0.0024216524,0.119970703125,0.12109375,0.048034668,-0.07305908,-3.0797784328460693,151.24767
Participant_BPF_04,8,0.0019422199,0.11727294921875,0.12109375,0.048034668,-0.07305908,-2.998465061187744,186.47168
Participant_BPF_04,9,0.001591333,0.108544921875,0.06890869,0.030517578,-0.038391113,-0.7760428786277771,81.10722
Participant_BPF_05,3,0.0056241164,0.09979248046875,0.37738037,0.1746521,-0.20272827,-2.002173662185669,266.07162
Participant_BPF_05,4,0.006248786,0.1028564453125,0.37738037,0.1746521,-0.20272827,-3.417121410369873,278.1267
Participant_BPF_05,5,0.005612387,0.10513916015625,0.35888672,0.17428589,-0.18460083,-2.4193148612976074,205.98854
Participant_BPF_05,6,0.00456977,0.103125,0.30563354,0.15362549,-0.15200806,0.11039236932992935,146.31915
Participant_BPF_05,7,0.0041801156,0.0984130859375,0.30563354,0.15362549,-0.15200806,-0.9657784104347229,300.4832
Participant_BPF_05,8,0.003600208,0.0950439453125,0.24978638,0.1182251,-0.13156128,-1.6689742803573608,245.64659
Participant_BPF_05,9,0.004947016,0.097900390625,0.6288452,0.3008423,-0.32800293,-4.6833415031433105,957.1811
Participant_BPF_06,3,0.0014823576,0.09981689453125,0.038391113,0.016815186,-0.021575928,-0.05832187458872795,14.368519
Participant_BPF_06,4,0.0017039087,0.0978515625,0.05871582,0.026855469,-0.03186035,-0.22102470695972443,35.84504
Participant_BPF_06,5,0.0016929641,0.10010986328125,0.05871582,0.026855469,-0.03186035,-0.26674792170524597,38.3234
Participant_BPF_06,6,0.0016113219,0.10111083984375,0.06402588,0.028564453,-0.035461426,-0.5595417618751526,67.377655
Participant_BPF_06,7,0.0014175138,0.1025390625,0.06402588,0.028564453,-0.035461426,-0.6991632580757141,93.91947
Participant_BPF_06,8,0.0010346978,0.102001953125,0.026367188,0.013916016,-0.012451172,0.2378695011138916,15.897041
Participant_BPF_06,9,0.0010534594,0.1019287109375,0.026367188,0.013916016,-0.012451172,0.17474773526191711,14.714142
Participant_BPF_07,3,0.0030982734,0.1056884765625,0.25723267,0.110321045,-0.14691162,-2.1152987480163574,441.4718
Participant_BPF_07,4,0.0029639262,0.10654296875,0.25723267,0.110321045,-0.14691162,-2.2955801486968994,489.1575
Participant_BPF_07,5,0.0028993774,0.1075439453125,0.22393799,0.09655762,-0.12738037,-1.6804494857788086,329.81958
Participant_BPF_07,6,0.0034672446,0.1132568359375,0.22393799,0.09655762,-0.12738037,-1.2350013256072998,218.51662
Participant_BPF_07,7,0.0033856048,0.116357421875,0.215271,0.08963013,-0.12564087,-1.4485145807266235,211.68913
Participant_BPF_07,8,0.0039179977,0.10989990234375,0.24938965,0.1053772,-0.14401245,-1.7230154275894165,244.89767
Participant_BPF_07,9,0.0040361043,0.1081787109375,0.2649536,0.11697388,-0.14797974,-1.3347147703170776,261.41037
Participant_BPF_08,3,0.0062709437,0.0914794921875,0.28567505,0.1343689,-0.15130615,-0.5529996752738953,121.35505
Participant_BPF_08,4,0.0056658546,0.095458984375,0.25778198,0.11062622,-0.14715576,-0.893399178981781,107.084305
Participant_BPF_08,5,0.0046294867,0.0955810546875,0.20605469,0.0874939,-0.11856079,-0.7195395231246948,76.76058
Participant_BPF_08,6,0.0041579013,0.099267578125,0.081085205,0.036895752,-0.044189453,0.23565229773521423,16.194883
Participant_BPF_08,7,0.00433377,0.10491943359375,0.09906006,0.062164307,-0.036895752,0.5572972893714905,19.226198
Participant_BPF_08,8,0.0043158373,0.10084228515625,0.115600586,0.062164307,-0.05343628,0.500863254070282,23.117596
Participant_BPF_08,9,0.003651044,0.097119140625,0.10671997,0.05328369,-0.05343628,0.3171306550502777,24.17905
Participant_BPF_09,3,0.0031366113,0.1045166015625,0.16809082,0.079589844,-0.08850098,-0.5275900959968567,152.00642
Participant_BPF_09,4,0.0030488656,0.1026611328125,0.14013672,0.060760498,-0.07937622,-1.1365845203399658,143.36069
Participant_BPF_09,5,0.0029507354,0.1033203125,0.14013672,0.060760498,-0.07937622,-1.0512281656265259,137.17801
Participant_BPF_09,6,0.0021906092,0.1023681640625,0.08569336,0.040496826,-0.045196533,-0.19762372970581055,54.096546
Participant_BPF_09,7,0.0020618646,0.100341796875,0.08908081,0.04083252,-0.04824829,0.07464565336704254,62.151756
Participant_BPF_09,8,0.0025797212,0.10135498046875,0.1802063,0.08404541,-0.09616089,-0.7913665771484375,256.39276
Participant_BPF_09,9,0.0026735298,0.10465087890625,0.1802063,0.08404541,-0.09616089,-0.8093240261077881,249.54288
Participant_BPF_10,3,0.0031621405,0.12706298828125,0.12335205,0.05609131,-0.06726074,-0.3706216812133789,62.595398
Participant_BPF_10,4,0.0026339733,0.1271728515625,0.10266113,0.057434082,-0.04522705,0.034969512373209,72.1406
Participant_BPF_10,5,0.0027224594,0.1245849609375,0.11279297,0.057434082,-0.055358887,-0.32557564973831177,80.85022
Participant_BPF_10,6,0.0023067903,0.12379150390625,0.10848999,0.053131104,-0.055358887,0.18918509781360626,98.55553
Participant_BPF_10,7,0.0020865675,0.1249755859375,0.08816528,0.053131104,-0.03503418,1.2141436338424683,72.853905
Participant_BPF_10,8,0.0024455679,0.1263916015625,0.11395264,0.05117798,-0.06277466,-0.22200363874435425,82.20054
Participant_BPF_10,9,0.0023474693,0.12490234375,0.11395264,0.05117798,-0.06277466,-0.23672418296337128,89.59666
Participant_BPF_11,3,0.002159651,0.10504150390625,0.1279602,0.065826416,-0.06213379,0.7908433675765991,217.97102
Participant_BPF_11,4,0.0019536507,0.106982421875,0.12844849,0.06594849,-0.0625,1.1717405319213867,291.8956
Participant_BPF_11,5,0.0018970177,0.11346435546875,0.12844849,0.06594849,-0.0625,1.3151171207427979,246.99568
Participant_BPF_11,6,0.0015354473,0.11893310546875,0.085998535,0.046783447,-0.039215088,1.6355702877044678,155.76453
Participant_BPF_11,7,0.0011179844,0.1194580078125,0.043792725,0.022705078,-0.021087646,0.37595468759536743,66.04717
Participant_BPF_11,8,0.00086429145,0.1168212890625,0.043792725,0.022705078,-0.021087646,0.3808462619781494,120.359955
Participant_BPF_11,9,0.0006653891,0.11484375,0.015014648,0.007873535,-0.0071411133,0.17937029898166656,16.304888
Participant_BPF_12,3,0.0030709272,0.10128173828125,0.13027954,0.05203247,-0.07824707,-1.3287423849105835,81.860634
Participant_BPF_12,4,0.0030719598,0.10155029296875,0.13027954,0.05203247,-0.07824707,-1.5823825597763062,76.97054
Participant_BPF_12,5,0.0024419292,0.10638427734375,0.08621216,0.040008545,-0.046203613,-0.9650862812995911,51.209568
Participant_BPF_12,6,0.0026697144,0.11009521484375,0.12573242,0.053649902,-0.07208252,-1.5194458961486816,125.134415
Participant_BPF_12,7,0.003353831,0.1133056640625,0.12573242,0.053649902,-0.07208252,-0.8467926383018494,61.00943
Participant_BPF_12,8,0.0028617238,0.11435546875,0.088378906,0.0395813,-0.048797607,-0.6398916244506836,37.770275
Participant_BPF_12,9,0.0022078643,0.108740234375,0.12350464,0.05117798,-0.07232666,-2.591712713241577,159.69095
Participant_BPF_13,3,0.001404837,0.09283447265625,0.049072266,0.024230957,-0.024841309,-0.1879592388868332,59.95944
Participant_BPF_13,4,0.0011916452,0.09287109375,0.03753662,0.018066406,-0.019470215,-0.36649391055107117,49.484154
Participant_BPF_13,5,0.0012846736,0.0926025390625,0.06085205,0.032562256,-0.028289795,0.9929807186126709,112.36191
Participant_BPF_13,6,0.001258373,0.09232177734375,0.06085205,0.032562256,-0.028289795,1.1333609819412231,117.69325
Participant_BPF_13,7,0.00094062556,0.0934814453125,0.035186768,0.019989014,-0.015197754,0.2577848732471466,41.38759
Participant_BPF_13,8,0.00082683377,0.0923828125,0.02243042,0.012908936,-0.009521484,0.2355789840221405,20.408173
Participant_BPF_13,9,0.00079957384,0.08980712890625,0.02243042,0.012908936,-0.009521484,0.2682078182697296,18.72843
Participant_BPF_14,3,0.0013901176,0.11903076171875,0.041534424,0.021331787,-0.020202637,-0.1734352707862854,36.824387
Participant_BPF_14,4,0.001239257,0.11861572265625,0.041534424,0.021331787,-0.020202637,-0.10276169329881668,44.29025
Participant_BPF_14,5,0.00095885247,0.11217041015625,0.031433105,0.014007568,-0.017425537,-0.6594434976577759,52.333984
Participant_BPF_14,6,0.00076974166,0.1077880859375,0.029815674,0.012817383,-0.016998291,-0.5622826218605042,62.341827
Participant_BPF_14,7,0.00085863005,0.11085205078125,0.050720215,0.027069092,-0.023651123,0.7095919251441956,187.24794
Participant_BPF_14,8,0.00088062807,0.12275390625,0.050720215,0.027069092,-0.023651123,0.6461504697799683,170.16335
Participant_BPF_14,9,0.0007542047,0.11893310546875,0.02142334,0.0113220215,-0.010101318,0.20842941105365753,29.945877
Participant_BPF_15,3,0.003963051,0.10084228515625,0.21105957,0.089019775,-0.122039795,-1.352136492729187,131.84538
Participant_BPF_15,4,0.0054911636,0.0975830078125,0.23547363,0.111846924,-0.12362671,-0.6178291440010071,75.210556
Participant_BPF_15,5,0.004700232,0.088671875,0.23547363,0.111846924,-0.12362671,-1.2610386610031128,121.51522
Participant_BPF_15,6,0.003939964,0.091796875,0.19744873,0.08886719,-0.10858154,-0.9066024422645569,103.370964
Participant_BPF_15,7,0.0033165454,0.09368896484375,0.11941528,0.061920166,-0.057495117,-0.13113819062709808,33.501736
Participant_BPF_15,8,0.002491748,0.09228515625,0.0552063,0.023254395,-0.031951904,-0.5865738987922668,21.068867
Participant_BPF_15,9,0.0025664703,0.09271240234375,0.13903809,0.06430054,-0.07473755,-0.8417574763298035,137.96223
Participant_BPF_16,3,0.0033717244,0.088623046875,0.17346191,0.08291626,-0.090545654,-0.14403127133846283,118.479164
Participant_BPF_16,4,0.003809221,0.0923583984375,0.29403687,0.15322876,-0.1408081,0.8501796126365662,244.1778
Participant_BPF_16,5,0.004073982,0.09310302734375,0.29403687,0.15322876,-0.1408081,0.8755108714103699,244.35765
Participant_BPF_16,6,0.0031463695,0.08656005859375,0.057037354,0.02911377,-0.027923584,0.23922663927078247,20.471828
Participant_BPF_16,7,0.00328314,0.08944091796875,0.064331055,0.03173828,-0.032592773,0.24257931113243103,20.792974
Participant_BPF_16,8,0.0032762713,0.09339599609375,0.064331055,0.03173828,-0.032592773,0.23902082443237305,20.447527
Participant_BPF_16,9,0.003137014,0.09168701171875,0.056427002,0.030853271,-0.02557373,0.18310052156448364,19.151133
Participant_BPF_17,3,0.0046214336,0.08565673828125,0.16583252,0.08093262,-0.0848999,0.005190073046833277,43.361897
Participant_BPF_17,4,0.0053348998,0.08619384765625,0.23693848,0.13800049,-0.09893799,0.7201322913169861,79.41429
Participant_BPF_17,5,0.0049346928,0.08714599609375,0.23693848,0.13800049,-0.09893799,1.0853495597839355,88.74601
Participant_BPF_17,6,0.003965084,0.08900146484375,0.07131958,0.038330078,-0.032989502,0.6394780874252319,19.769644
Participant_BPF_17,7,0.0043351715,0.0904296875,0.17837524,0.10449219,-0.07388306,1.0331732034683228,45.60313
Participant_BPF_17,8,0.0045085824,0.0899169921875,0.17837524,0.10449219,-0.07388306,0.9037646651268005,42.872257
Participant_BPF_17,9,0.004049801,0.0906982421875,0.09555054,0.044036865,-0.051513672,0.18843413889408112,23.795338
Participant_BPF_18,3,0.005745824,0.08370361328125,0.13079834,0.050323486,-0.08047485,-0.41675564646720886,16.993313
Participant_BPF_18,4,0.0061933463,0.08839111328125,0.19876099,0.09161377,-0.10714722,-0.6100894808769226,33.120094
Participant_BPF_18,5,0.0054134005,0.0869140625,0.19876099,0.09161377,-0.10714722,-0.5900095105171204,42.7061
Participant_BPF_18,6,0.004299355,0.08321533203125,0.09564209,0.035247803,-0.060394287,-0.540887176990509,14.16474
Participant_BPF_18,7,0.0045447266,0.085205078125,0.09674072,0.036346436,-0.060394287,-0.4790958762168884,14.629152
Participant_BPF_18,8,0.004061847,0.0861572265625,0.080078125,0.036346436,-0.04373169,-0.40548714995384216,13.700758
Participant_BPF_18,9,0.003622537,0.0868896484375,0.07321167,0.035217285,-0.037994385,-0.3599337637424469,16.591805
Participant_BPF_19,3,0.008675003,0.08363037109375,0.27783203,0.16033936,-0.117492676,-0.2560713291168213,44.384182
Participant_BPF_19,4,0.00823844,0.08304443359375,0.26242065,0.13406372,-0.12835693,-0.5518140196800232,44.959793
Participant_BPF_19,5,0.0074845455,0.08204345703125,0.25585938,0.12750244,-0.12835693,-0.979493260383606,50.29048
Participant_BPF_19,6,0.006509608,0.0814697265625,0.22860718,0.11026001,-0.11834717,-0.9537244439125061,47.314102
Participant_BPF_19,7,0.006151792,0.08240966796875,0.15536499,0.07901001,-0.07635498,-0.7780542373657227,32.170845
Participant_BPF_19,8,0.006376383,0.082861328125,0.15637207,0.07901001,-0.07736206,-0.9304760694503784,32.221752
Participant_BPF_19,9,0.006005744,0.08157958984375,0.13323975,0.05368042,-0.079559326,-1.3018343448638916,34.12364
Participant_BPF_20,3,0.002923879,0.11085205078125,0.11199951,0.05331421,-0.058685303,-0.5921481847763062,58.326225
Participant_BPF_20,4,0.0028629466,0.11749267578125,0.11199951,0.05331421,-0.058685303,-0.9367344975471497,73.28615
Participant_BPF_20,5,0.002704278,0.12625732421875,0.14749146,0.058654785,-0.08883667,-2.2182040214538574,144.01288
Participant_BPF_20,6,0.0025782553,0.12391357421875,0.14749146,0.058654785,-0.08883667,-1.9644087553024292,153.83804
Participant_BPF_20,7,0.002069931,0.1220947265625,0.0640564,0.033203125,-0.030853271,0.12753015756607056,39.75091
Participant_BPF_20,8,0.001827864,0.124365234375,0.09075928,0.04095459,-0.049804688,-0.4569782614707947,103.309204
Participant_BPF_20,9,0.0016490512,0.12275390625,0.09075928,0.04095459,-0.049804688,-0.8995208740234375,134.65753
Participant_BPF_21,3,0.0037243715,0.11893310546875,0.13839722,0.0687561,-0.06964111,-0.08997993916273117,49.737144
Participant_BPF_21,4,0.0046464005,0.12529296875,0.31958008,0.13726807,-0.18231201,-1.6637685298919678,184.40843
Participant_BPF_21,5,0.0034903106,0.0927978515625,0.31958008,0.13726807,-0.18231201,-2.352282762527466,278.49786
Participant_BPF_21,6,0.0017008558,0.090478515625,0.062164307,0.027313232,-0.034851074,-0.5057482719421387,33.758713
Participant_BPF_21,7,0.0016897556,0.09410400390625,0.062164307,0.027313232,-0.034851074,-0.7227510213851929,40.30421
Participant_BPF_21,8,0.0014588643,0.093359375,0.040802002,0.01965332,-0.021148682,-0.35984838008880615,30.234692
Participant_BPF_21,9,0.0012877086,0.092919921875,0.04046631,0.01965332,-0.020812988,0.08552853763103485,30.51447
Participant_BPF_22,3,0.0017549753,0.10634765625,0.04928589,0.025543213,-0.023742676,0.5398489832878113,27.532486
Participant_BPF_22,4,0.0018166127,0.10401611328125,0.081329346,0.039764404,-0.04156494,0.2665194272994995,69.231865
Participant_BPF_22,5,0.0019062475,0.10435791015625,0.13693237,0.060577393,-0.07635498,-2.1464309692382812,280.29984
Participant_BPF_22,6,0.0017608751,0.1069580078125,0.13693237,0.060577393,-0.07635498,-2.3879194259643555,333.20966
Participant_BPF_22,7,0.0014387559,0.108203125,0.04812622,0.027679443,-0.020446777,1.1103966236114502,35.7768
Participant_BPF_22,8,0.0012484032,0.1093017578125,0.022583008,0.0115356445,-0.011047363,0.4115816056728363,10.605578
Participant_BPF_22,9,0.0012517537,0.10894775390625,0.025543213,0.014923096,-0.010620117,0.4975038766860962,12.280872
Participant_BPF_23,3,0.003947355,0.09716796875,0.11532593,0.055847168,-0.05947876,-0.11870173364877701,21.802176
Participant_BPF_23,4,0.0036821342,0.10079345703125,0.11532593,0.055847168,-0.05947876,-0.298886775970459,26.667282
Participant_BPF_23,5,0.003420364,0.102392578125,0.07601929,0.03475952,-0.041259766,-0.48683080077171326,20.254915
Participant_BPF_23,6,0.0031204415,0.10103759765625,0.07601929,0.03475952,-0.041259766,-0.3920433223247528,23.095304
Participant_BPF_23,7,0.002949493,0.09940185546875,0.06906128,0.030151367,-0.038909912,-0.31785881519317627,21.805464
Participant_BPF_23,8,0.00270925,0.1023681640625,0.06906128,0.030975342,-0.038085938,-0.1788085699081421,23.27448
Participant_BPF_23,9,0.0024811544,0.10423583984375,0.054748535,0.030975342,-0.023773193,0.058998215943574905,22.732452
Participant_BPF_24,3,0.007105225,0.09630126953125,0.14813232,0.07107544,-0.077056885,-0.42246463894844055,18.315987
Participant_BPF_24,4,0.007012685,0.097802734375,0.15707397,0.07107544,-0.085998535,-0.4500780999660492,21.48466
Participant_BPF_24,5,0.006636288,0.10201416015625,0.15368652,0.06768799,-0.085998535,-0.40743488073349,21.022583
Participant_BPF_24,6,0.0058775283,0.10159912109375,0.12109375,0.06277466,-0.05831909,-0.33875322341918945,16.225475
Participant_BPF_24,7,0.0059598,0.10157470703125,0.2241211,0.116760254,-0.10736084,-0.8539197444915771,46.031998
Participant_BPF_24,8,0.005834262,0.104638671875,0.2241211,0.116760254,-0.10736084,-0.9274861216545105,48.99031
Participant_BPF_24,9,0.00489747,0.1089599609375,0.109313965,0.042877197,-0.06643677,-0.6904035210609436,18.996038
Participant_BPF_25,3,0.007508268,0.08472900390625,0.14468384,0.069000244,-0.075683594,-0.33636143803596497,16.238417
Participant_BPF_25,4,0.00691926,0.08485107421875,0.14013672,0.064453125,-0.075683594,-0.3848334550857544,18.820091
Participant_BPF_25,5,0.0064682243,0.08428955078125,0.12207031,0.064453125,-0.057617188,-0.215511292219162,18.49867
Participant_BPF_25,6,0.006643088,0.0820556640625,0.11846924,0.0513916,-0.06707764,-0.3833545446395874,18.04549
Participant_BPF_25,7,0.00681232,0.08360595703125,0.1645813,0.07772827,-0.08685303,-0.47075003385543823,23.811565
Participant_BPF_25,8,0.006025468,0.083837890625,0.1645813,0.07772827,-0.08685303,-0.6291193962097168,29.442703
Participant_BPF_25,9,0.0060968352,0.085302734375,0.16934204,0.089263916,-0.080078125,-0.394263356924057,32.64415
Participant_BPF_26,3,0.003159631,0.10408935546875,0.137146,0.07180786,-0.065338135,0.7535915374755859,89.299416
Participant_BPF_26,4,0.0028271386,0.1038330078125,0.12564087,0.060943604,-0.064697266,0.6121952533721924,105.303764
Participant_BPF_26,5,0.002588825,0.10562744140625,0.12564087,0.060943604,-0.064697266,0.5039822459220886,126.67668
Participant_BPF_26,6,0.0018680226,0.1073974609375,0.096221924,0.0496521,-0.046569824,0.03473683446645737,108.35777
Participant_BPF_26,7,0.0019862163,0.108056640625,0.07321167,0.041992188,-0.031219482,0.5162912607192993,48.521866
Participant_BPF_26,8,0.0022349383,0.10712890625,0.08468628,0.046722412,-0.037963867,1.145019292831421,60.684532
Participant_BPF_26,9,0.0020033487,0.10557861328125,0.08468628,0.046722412,-0.037963867,0.9841435551643372,66.915474
Participant_BPF_27,3,0.002840183,0.10244140625,0.1678772,0.074279785,-0.09359741,-0.652618944644928,177.02579
Participant_BPF_27,4,0.0023087997,0.10078125,0.085113525,0.038909912,-0.046203613,-0.4626176655292511,43.986862
Participant_BPF_27,5,0.0021916828,0.10023193359375,0.085113525,0.038909912,-0.046203613,-0.05280226841568947,53.728104
Participant_BPF_27,6,0.0020888525,0.10255126953125,0.07064819,0.03552246,-0.035125732,0.29607030749320984,32.753105
Participant_BPF_27,7,0.0018007249,0.10438232421875,0.045837402,0.021728516,-0.024108887,0.01635630428791046,17.706867
Participant_BPF_27,8,0.0021781411,0.10430908203125,0.07757568,0.039886475,-0.03768921,-0.08740473538637161,57.67249
Participant_BPF_27,9,0.0024572867,0.10633544921875,0.11178589,0.053863525,-0.057922363,-0.22413939237594604,83.72295
Participant_BPF_28,3,0.005919519,0.08216552734375,0.15939331,0.07751465,-0.08187866,-0.29180851578712463,31.67958
Participant_BPF_28,4,0.0053581446,0.0857177734375,0.15042114,0.06854248,-0.08187866,-0.5838649868965149,28.83329
Participant_BPF_28,5,0.004493393,0.084619140625,0.18200684,0.07940674,-0.1026001,-1.2425906658172607,52.26283
Participant_BPF_28,6,0.0046155243,0.08453369140625,0.18200684,0.07940674,-0.1026001,-1.1292859315872192,49.861774
Participant_BPF_28,7,0.005029873,0.08399658203125,0.14660645,0.0770874,-0.06951904,-0.5330578088760376,23.565598
Participant_BPF_28,8,0.0058078496,0.08443603515625,0.16821289,0.09295654,-0.07525635,-0.3469383418560028,26.747955
Participant_BPF_28,9,0.0055877543,0.08526611328125,0.18035889,0.10510254,-0.07525635,0.4843422472476959,39.851254
Participant_BPF_29,3,0.0034723133,0.08001708984375,0.10015869,0.043640137,-0.056518555,-0.22631032764911652,20.171867
Participant_BPF_29,4,0.0033456099,0.0805419921875,0.10015869,0.043640137,-0.056518555,-0.2278154045343399,21.81156
Participant_BPF_29,5,0.0026962226,0.0808837890625,0.03503418,0.018463135,-0.016571045,0.006272064056247473,4.1533437
Participant_BPF_29,6,0.002855975,0.08238525390625,0.07546997,0.046722412,-0.028747559,0.365957111120224,15.797609
Participant_BPF_29,7,0.0030096078,0.08463134765625,0.07546997,0.046722412,-0.028747559,0.253900945186615,16.132183
Participant_BPF_29,8,0.0029501063,0.08814697265625,0.06188965,0.032043457,-0.029846191,0.09633570909500122,14.661772
Participant_BPF_29,9,0.0041720313,0.08720703125,0.19036865,0.07476807,-0.115600586,-1.4687058925628662,100.81442
Participant_BPF_30,3,0.00472417,0.10579833984375,0.13995361,0.06048584,-0.07946777,-0.38761213421821594,31.044544
Participant_BPF_30,4,0.0043686177,0.10399169921875,0.13995361,0.06048584,-0.07946777,-0.33761361241340637,34.027218
Participant_BPF_30,5,0.0035881654,0.1017822265625,0.14611816,0.06994629,-0.076171875,-0.4400893747806549,65.17989
Participant_BPF_30,6,0.0034446276,0.100244140625,0.14611816,0.06994629,-0.076171875,-0.7380160093307495,74.8609
Participant_BPF_30,7,0.0026341765,0.09993896484375,0.059906006,0.026824951,-0.033081055,-0.9090215563774109,24.548
Participant_BPF_30,8,0.0029843058,0.09891357421875,0.071899414,0.038360596,-0.03353882,-0.46067893505096436,25.895475
Participant_BPF_30,9,0.003716965,0.09822998046875,0.17434692,0.07321167,-0.101135254,-1.468576192855835,86.75476
Participant_BPF_31,3,0.0068603856,0.07904052734375,0.16531372,0.07989502,-0.0854187,0.3439435660839081,18.440605
Participant_BPF_31,4,0.010179828,0.0832275390625,0.32019043,0.18389893,-0.1362915,0.7631536722183228,27.953196
Participant_BPF_31,5,0.010405498,0.0840576171875,0.32019043,0.18389893,-0.1362915,0.6701222062110901,26.980217
Participant_BPF_31,6,0.0066053444,0.08126220703125,0.15411377,0.0642395,-0.08987427,-0.24060489237308502,20.36301
Participant_BPF_31,7,0.0069740713,0.08182373046875,0.23190308,0.114227295,-0.11767578,-0.27648064494132996,43.42163
Participant_BPF_31,8,0.0072833253,0.0823486328125,0.2368164,0.119140625,-0.11767578,-0.3189105689525604,50.57876
Participant_BPF_31,9,0.0059567355,0.08148193359375,0.23065186,0.119140625,-0.11151123,-0.01717551425099373,53.326824
Participant_BPF_32,3,0.002593773,0.1017578125,0.12045288,0.0619812,-0.05847168,0.2134086638689041,82.92185
Participant_BPF_32,4,0.0021752666,0.1081298828125,0.052856445,0.022003174,-0.030853271,-0.03528254106640816,16.43805
Participant_BPF_32,5,0.0018620845,0.1173583984375,0.041107178,0.01889038,-0.022216797,0.07888425886631012,15.439171
Participant_BPF_32,6,0.0019040632,0.11600341796875,0.050689697,0.02368164,-0.027008057,-0.14229431748390198,16.560886
Participant_BPF_32,7,0.0021973865,0.11136474609375,0.057891846,0.030883789,-0.027008057,0.07031633704900742,15.567499
Participant_BPF_32,8,0.0021449917,0.1073974609375,0.055480957,0.030883789,-0.024597168,0.07761940360069275,12.683385
Participant_BPF_32,9,0.0020349487,0.10084228515625,0.03765869,0.021362305,-0.016296387,0.08768747746944427,9.341064
Participant_BPF_33,3,0.0060561383,0.08021240234375,0.098724365,0.051635742,-0.047088623,-0.313636839389801,13.5880165
Participant_BPF_33,4,0.0062360927,0.07962646484375,0.10852051,0.061431885,-0.047088623,-0.17908985912799835,14.969234
Participant_BPF_33,5,0.0067606256,0.07978515625,0.26220703,0.14404297,-0.11816406,0.2780439257621765,37.83552
Participant_BPF_33,6,0.006493719,0.0784423828125,0.26220703,0.14404297,-0.11816406,0.19122186303138733,40.41487
Participant_BPF_33,7,0.0062986454,0.0782470703125,0.1590271,0.08441162,-0.07461548,-0.042594436556100845,21.511242
Participant_BPF_33,8,0.006537158,0.08040771484375,0.1590271,0.08441162,-0.07461548,-0.004773722495883703,22.359444
Participant_BPF_33,9,0.0065130843,0.08189697265625,0.13867188,0.064941406,-0.07373047,-0.2932400703430176,19.034697
Participant_BPF_34,3,0.007078775,0.07694091796875,0.11380005,0.055541992,-0.058258057,-0.13267308473587036,8.287452
Participant_BPF_34,4,0.009032081,0.0761474609375,0.2798462,0.13812256,-0.14172363,0.05455148592591286,35.697037
Participant_BPF_34,5,0.011409193,0.076025390625,0.43273926,0.2114563,-0.22128296,-0.17037440836429596,54.912792
Participant_BPF_34,6,0.009892095,0.07730712890625,0.43273926,0.2114563,-0.22128296,-0.31877401471138,70.33559
Participant_BPF_34,7,0.0062063304,0.07872314453125,0.12652588,0.05227661,-0.07424927,-0.2993614673614502,10.237873
Participant_BPF_34,8,0.0060562724,0.07752685546875,0.10739136,0.048706055,-0.058685303,-0.11815651506185532,9.646235
Participant_BPF_34,9,0.0058161346,0.0752685546875,0.093170166,0.048706055,-0.04446411,-0.1318458765745163,8.521197
Participant_BPF_35,3,0.0023660988,0.109326171875,0.051757812,0.02798462,-0.023773193,0.4524611234664917,16.016361
Participant_BPF_35,4,0.002629517,0.11170654296875,0.0652771,0.029174805,-0.036102295,0.09354649484157562,22.096167
Participant_BPF_35,5,0.0025402512,0.1086669921875,0.0652771,0.029174805,-0.036102295,0.010361661203205585,22.952858
Participant_BPF_35,6,0.0024871223,0.10765380859375,0.06594849,0.034088135,-0.03186035,0.5167341828346252,24.438559
Participant_BPF_35,7,0.0024671059,0.1073486328125,0.068847656,0.034088135,-0.03475952,0.4407232105731964,32.370438
Participant_BPF_35,8,0.0020550664,0.11236572265625,0.06655884,0.031799316,-0.03475952,0.29933249950408936,32.620422
Participant_BPF_35,9,0.0021220546,0.11539306640625,0.11416626,0.056762695,-0.057403564,0.7250852584838867,97.76468
Participant_BPF_36,3,0.003439506,0.109326171875,0.1222229,0.060333252,-0.06188965,-0.13776551187038422,40.00408
Participant_BPF_36,4,0.0028538238,0.11077880859375,0.06362915,0.03378296,-0.029846191,-0.35422688722610474,17.08841
Participant_BPF_36,5,0.003190389,0.1112548828125,0.13122559,0.07714844,-0.05407715,0.8032422661781311,58.825825
Participant_BPF_36,6,0.0036426007,0.10841064453125,0.13122559,0.07714844,-0.05407715,0.3651925325393677,46.515614
Participant_BPF_36,7,0.003454116,0.10509033203125,0.08203125,0.036895752,-0.045135498,-0.5203942656517029,25.340204
Participant_BPF_36,8,0.0036490844,0.1103271484375,0.09313965,0.04260254,-0.05053711,-0.2674931585788727,23.495462
Participant_BPF_36,9,0.003749244,0.1102783203125,0.09313965,0.04260254,-0.05053711,-0.1379464566707611,21.29646
Participant_BPF_37,3,0.01625265,0.0884033203125,0.29003906,0.12704468,-0.16299438,-0.4061708450317383,21.084993
Participant_BPF_37,4,0.016194038,0.08760986328125,0.31420898,0.13903809,-0.1751709,-0.3758588135242462,22.088306
Participant_BPF_37,5,0.015481571,0.08687744140625,0.39849854,0.18359375,-0.21490479,-0.21460898220539093,26.840176
Participant_BPF_37,6,0.014585415,0.08597412109375,0.39849854,0.18359375,-0.21490479,-0.2629242241382599,25.7982
Participant_BPF_37,7,0.014804741,0.08726806640625,0.27243042,0.12445068,-0.14797974,-0.27078869938850403,20.363346
Participant_BPF_37,8,0.014374787,0.08841552734375,0.26898193,0.12619019,-0.14279175,-0.24444109201431274,21.813334
Participant_BPF_37,9,0.013325423,0.08668212890625,0.26898193,0.12619019,-0.14279175,-0.1458909511566162,25.965734
Participant_BPF_38,3,0.0071149254,0.09029541015625,0.47402954,0.22741699,-0.24661255,-1.9110149145126343,235.10852
Participant_BPF_38,4,0.004734479,0.09207763671875,0.15975952,0.05847168,-0.10128784,-0.8034313917160034,32.79875
Participant_BPF_38,5,0.0042831907,0.09365234375,0.071380615,0.034942627,-0.03643799,-0.08632906526327133,8.183634
Participant_BPF_38,6,0.004349946,0.0922119140625,0.09408569,0.03475952,-0.059326172,-0.2788983881473541,10.850174
Participant_BPF_38,7,0.004596997,0.09317626953125,0.117614746,0.058288574,-0.059326172,0.03516855835914612,14.31032
Participant_BPF_38,8,0.0044078804,0.093359375,0.09329224,0.058288574,-0.035003662,0.3398049771785736,13.09465
Participant_BPF_38,9,0.0056116185,0.091748046875,0.3720398,0.15740967,-0.21463013,-2.49129056930542,244.49307
Participant_BPF_39,3,0.0057193944,0.08402099609375,0.119018555,0.06097412,-0.058044434,0.07675168663263321,15.777016
Participant_BPF_39,4,0.0051370645,0.0837646484375,0.119018555,0.06097412,-0.058044434,0.09108676761388779,17.242367
Participant_BPF_39,5,0.004559108,0.08212890625,0.073028564,0.03918457,-0.033843994,0.051186755299568176,12.643736
Participant_BPF_39,6,0.00459898,0.08404541015625,0.080718994,0.043640137,-0.037078857,0.08393578231334686,13.4442215
Participant_BPF_39,7,0.0045452504,0.0833740234375,0.080718994,0.043640137,-0.037078857,0.11844682693481445,11.803617
Participant_BPF_39,8,0.0042721117,0.08228759765625,0.061279297,0.030395508,-0.030883789,-0.0479055680334568,10.823886
Participant_BPF_39,9,0.004074446,0.0835205078125,0.06124878,0.03036499,-0.030883789,-0.09493601322174072,11.637572
Participant_BPF_40,3,0.0044268086,0.08814697265625,0.09301758,0.04623413,-0.046783447,0.023439547047019005,13.925711
Participant_BPF_40,4,0.0042854017,0.08966064453125,0.09375,0.046966553,-0.046783447,0.28553512692451477,16.933344
Participant_BPF_40,5,0.0043411935,0.086279296875,0.08404541,0.046966553,-0.037078857,0.285832017660141,17.227776
Participant_BPF_40,6,0.0046721264,0.08551025390625,0.08517456,0.048095703,-0.037078857,0.3618467450141907,15.299198
Participant_BPF_40,7,0.004643249,0.084228515625,0.1043396,0.050872803,-0.053466797,0.060016654431819916,19.803877
Participant_BPF_40,8,0.0045044785,0.08548583984375,0.11929321,0.050872803,-0.06842041,-0.33712777495384216,24.571741
Participant_BPF_40,9,0.0042772354,0.0866455078125,0.11764526,0.049224854,-0.06842041,-0.09910013526678085,19.745218
Participant_BPF_41,3,0.005831069,0.09241943359375,0.25906372,0.1111145,-0.14794922,-0.7234424352645874,71.850914
Participant_BPF_41,4,0.0050446065,0.09276123046875,0.17730713,0.1005249,-0.07678223,0.5795987844467163,37.516167
Participant_BPF_41,5,0.0047928933,0.09014892578125,0.15615845,0.1005249,-0.055633545,0.7904828190803528,35.94165
Participant_BPF_41,6,0.0045314124,0.0900146484375,0.1427002,0.060516357,-0.08218384,-0.5816069841384888,32.6803
Participant_BPF_41,7,0.005414091,0.09134521484375,0.17312622,0.071777344,-0.10134888,-0.9949028491973877,45.93124
Participant_BPF_41,8,0.0051583597,0.094140625,0.17312622,0.071777344,-0.10134888,-0.9015334248542786,47.659042
Participant_BPF_41,9,0.0045060916,0.09447021484375,0.086364746,0.042877197,-0.04348755,0.0069468156434595585,19.591768
Participant_BPF_42,3,0.0058399085,0.11708984375,0.6020813,0.25439453,-0.34768677,-5.262063026428223,542.546
Participant_BPF_42,4,0.0051400205,0.12171630859375,0.6020813,0.25439453,-0.34768677,-5.895351886749268,731.201
Participant_BPF_42,5,0.0033109784,0.119873046875,0.17608643,0.07998657,-0.09609985,-0.9076804518699646,122.79975
Participant_BPF_42,6,0.0025050286,0.11925048828125,0.17608643,0.07998657,-0.09609985,-0.8779987096786499,214.74956
Participant_BPF_42,7,0.0019842717,0.12227783203125,0.034301758,0.01586914,-0.018432617,-0.0877217948436737,15.73295
Participant_BPF_42,8,0.0021088591,0.1236083984375,0.0687561,0.036865234,-0.03189087,0.267869234085083,29.288242
Participant_BPF_42,9,0.0020551279,0.12286376953125,0.0687561,0.036865234,-0.03189087,0.3440539240837097,32.081596
Participant_BPF_43,3,0.0055702315,0.12152099609375,0.5916748,0.23605347,-0.35562134,-7.1832051277160645,853.1019
Participant_BPF_43,4,0.0053320327,0.12271728515625,0.5916748,0.23605347,-0.35562134,-7.585443019866943,916.04034
Participant_BPF_43,5,0.003786375,0.1192626953125,0.08572388,0.041625977,-0.0440979,0.2919885516166687,23.563334
Participant_BPF_43,6,0.0038813867,0.11500244140625,0.11672974,0.06411743,-0.052612305,0.5619730353355408,33.225155
Participant_BPF_43,7,0.0038502577,0.11470947265625,0.11672974,0.06411743,-0.052612305,0.5259287357330322,33.251945
Participant_BPF_43,8,0.0038890564,0.11251220703125,0.11105347,0.060546875,-0.05050659,0.1697196513414383,26.607113
Participant_BPF_43,9,0.0037752122,0.1074951171875,0.11105347,0.060546875,-0.05050659,0.0666934922337532,28.107456
Participant_BPF_44,3,0.0049195066,0.0982177734375,0.42016602,0.23025513,-0.18991089,3.395805597305298,391.6028
Participant_BPF_44,4,0.00641362,0.095703125,0.48672485,0.25823975,-0.2284851,2.923557758331299,324.0458
Participant_BPF_44,5,0.0056931493,0.0940673828125,0.48672485,0.25823975,-0.2284851,2.2751739025115967,377.98227
Participant_BPF_44,6,0.0035947836,0.09112548828125,0.13632202,0.062408447,-0.073913574,-0.7423846125602722,44.7109
Participant_BPF_44,7,0.0028901,0.09755859375,0.04498291,0.023376465,-0.021606445,-0.1852208375930786,7.9872036
Participant_BPF_44,8,0.0033124075,0.1008056640625,0.088134766,0.043762207,-0.04437256,-0.07497132569551468,15.201206
Participant_BPF_44,9,0.0033477799,0.09476318359375,0.088134766,0.043762207,-0.04437256,-0.006065572611987591,15.408823
Participant_BPF_45,3,0.0059555713,0.08284912109375,0.2735901,0.12966919,-0.1439209,-0.6988420486450195,76.288216
Participant_BPF_45,4,0.004751364,0.08524169921875,0.13604736,0.074035645,-0.06201172,0.1964697241783142,34.74953
Participant_BPF_45,5,0.0043051867,0.08380126953125,0.12670898,0.056549072,-0.07015991,-0.5199428200721741,33.420048
Participant_BPF_45,6,0.0043507763,0.08604736328125,0.12670898,0.056549072,-0.07015991,-0.43702682852745056,35.523087
Participant_BPF_45,7,0.006910406,0.0895263671875,0.2571106,0.15014648,-0.10696411,0.8109281063079834,48.849705
Participant_BPF_45,8,0.0066487924,0.089013671875,0.2571106,0.15014648,-0.10696411,0.8754106760025024,52.31623
Participant_BPF_45,9,0.0046371496,0.09190673828125,0.1430664,0.059173584,-0.08389282,-0.48278558254241943,39.220654
Participant_BPF_46,3,0.004584448,0.08114013671875,0.12832642,0.07513428,-0.05319214,0.9884435534477234,24.9733
Participant_BPF_46,4,0.0060541006,0.08375244140625,0.2088623,0.08453369,-0.12432861,-0.4671105444431305,36.23592
Participant_BPF_46,5,0.0058291564,0.0830322265625,0.2088623,0.08453369,-0.12432861,-0.5222022533416748,38.59348
Participant_BPF_46,6,0.003387849,0.0790283203125,0.08514404,0.040924072,-0.04421997,0.5242416262626648,31.031979
Participant_BPF_46,7,0.0036606665,0.079833984375,0.12435913,0.08013916,-0.04421997,1.575413703918457,51.19484
Participant_BPF_46,8,0.0035347976,0.0822021484375,0.12210083,0.08013916,-0.04196167,1.7550910711288452,52.592236
Participant_BPF_46,9,0.003497179,0.08017578125,0.068878174,0.039611816,-0.029266357,0.8437867760658264,27.55688
Participant_BPF_47,3,0.0038772568,0.109423828125,0.11062622,0.05102539,-0.05960083,-1.6610218286514282,45.46406
Participant_BPF_47,4,0.004041898,0.10823974609375,0.09918213,0.0395813,-0.05960083,-2.328864574432373,49.463078
Participant_BPF_47,5,0.004612386,0.1080322265625,0.104888916,0.048980713,-0.055908203,-1.7781744003295898,37.189327
Participant_BPF_47,6,0.004997133,0.11236572265625,0.123168945,0.055389404,-0.06777954,-1.2083910703659058,31.22192
Participant_BPF_47,7,0.004338105,0.11434326171875,0.123168945,0.055389404,-0.06777954,-1.4525154829025269,36.18103
Participant_BPF_47,8,0.003566706,0.11187744140625,0.07733154,0.031829834,-0.04550171,-2.0366287231445312,35.070312
Participant_BPF_47,9,0.003573839,0.107666015625,0.078125,0.031036377,-0.047088623,-1.9824509620666504,35.1308
Participant_BPF_48,3,0.0039232685,0.09930419921875,0.13952637,0.0569458,-0.08258057,-0.665174663066864,38.766792
Participant_BPF_48,4,0.0041037374,0.09915771484375,0.1737976,0.09121704,-0.08258057,0.15258532762527466,61.73359
Participant_BPF_48,5,0.003880107,0.099658203125,0.15338135,0.09121704,-0.062164307,0.922342836856842,61.361702
Participant_BPF_48,6,0.0040729283,0.0966064453125,0.22772217,0.08786011,-0.13986206,-3.230527639389038,177.67787
Participant_BPF_48,7,0.003888219,0.098974609375,0.22772217,0.08786011,-0.13986206,-3.7896692752838135,201.28705
Participant_BPF_48,8,0.003561244,0.10250244140625,0.12020874,0.07098389,-0.049224854,0.5038139820098877,33.209076
Participant_BPF_48,9,0.0036625913,0.1041748046875,0.12020874,0.07098389,-0.049224854,0.4514712393283844,31.208767
Participant_BPF_49,3,0.0066639083,0.07769775390625,0.13076782,0.062194824,-0.068573,-0.1410571187734604,18.271408
Participant_BPF_49,4,0.006501208,0.08001708984375,0.11520386,0.05657959,-0.058624268,-0.05517430603504181,17.765697
Participant_BPF_49,5,0.0073683546,0.08177490234375,0.14639282,0.07589722,-0.070495605,-0.05578194558620453,15.999634
Participant_BPF_49,6,0.0075243684,0.07872314453125,0.14639282,0.07589722,-0.070495605,-0.07068152725696564,16.361393
Participant_BPF_49,7,0.0069114626,0.07672119140625,0.11895752,0.058776855,-0.060180664,0.05311137065291405,18.072563
Participant_BPF_49,8,0.007120943,0.0800537109375,0.11895752,0.058776855,-0.060180664,0.03218301385641098,16.592213
Participant_BPF_49,9,0.0069034323,0.08043212890625,0.116485596,0.05633545,-0.060150146,-0.04377802461385727,16.659203
Participant_BPF_50,3,0.006972787,0.08585205078125,0.21868896,0.096710205,-0.12197876,-0.3486449420452118,27.599346
Participant_BPF_50,4,0.006554134,0.08502197265625,0.09616089,0.047058105,-0.049102783,0.0034508099779486656,10.023912
Participant_BPF_50,5,0.006378944,0.08397216796875,0.111694336,0.06289673,-0.048797607,-0.13929198682308197,11.593655
Participant_BPF_50,6,0.0065070475,0.0862060546875,0.11227417,0.06289673,-0.04937744,-0.20711493492126465,11.744117
Participant_BPF_50,7,0.0067829103,0.08363037109375,0.112701416,0.050201416,-0.0625,-0.17693641781806946,10.634149
Participant_BPF_50,8,0.0069164475,0.08402099609375,0.112701416,0.050201416,-0.0625,-0.24526432156562805,10.358159
Participant_BPF_50,9,0.006862412,0.08594970703125,0.14398193,0.07611084,-0.067871094,-0.1423863023519516,14.026592
Participant_BPF_51,3,0.009953333,0.10235595703125,0.526001,0.26312256,-0.26287842,0.45148786902427673,110.848915
Participant_BPF_51,4,0.009214918,0.10589599609375,0.526001,0.26312256,-0.26287842,0.45116856694221497,119.62257
Participant_BPF_51,5,0.00490143,0.10179443359375,0.22802734,0.13677979,-0.09124756,2.142082929611206,131.20348
Participant_BPF_51,6,0.0034901449,0.10128173828125,0.22802734,0.13677979,-0.09124756,2.8021106719970703,282.6307
Participant_BPF_51,7,0.0026596352,0.10177001953125,0.11740112,0.051818848,-0.065582275,-0.6035174131393433,67.821815
Participant_BPF_51,8,0.003001329,0.0998291015625,0.11740112,0.051818848,-0.065582275,-0.43116068840026855,50.03162
Participant_BPF_51,9,0.002979735,0.09736328125,0.07623291,0.040252686,-0.035980225,-0.18751399219036102,23.599653
Participant_BPF_52,3,0.005936087,0.0826416015625,0.102630615,0.049194336,-0.05343628,0.05052167922258377,9.899338
Participant_BPF_52,4,0.006340553,0.081591796875,0.17825317,0.078063965,-0.10018921,-0.16839565336704254,18.813572
Participant_BPF_52,5,0.006867471,0.07977294921875,0.1873169,0.087127686,-0.10018921,-0.15477609634399414,25.436996
Participant_BPF_52,6,0.0064668106,0.08009033203125,0.18048096,0.087127686,-0.09335327,-0.039624616503715515,21.83375
Participant_BPF_52,7,0.005877831,0.08236083984375,0.11483765,0.059509277,-0.05532837,-0.0001076864282367751,11.556538
Participant_BPF_52,8,0.006225698,0.0815673828125,0.11755371,0.06222534,-0.05532837,-0.010109984315931797,12.860763
Participant_BPF_52,9,0.006604129,0.0799560546875,0.11477661,0.06222534,-0.05255127,-0.05232673138380051,9.425852
Participant_BPF_53,3,0.005971676,0.09951171875,0.26153564,0.15982056,-0.10171509,0.8443516492843628,85.08631
Participant_BPF_53,4,0.005536565,0.10076904296875,0.24130249,0.1232605,-0.11804199,0.5151180028915405,83.817184
Participant_BPF_53,5,0.0050308537,0.1018310546875,0.24130249,0.1232605,-0.11804199,0.7066894173622131,107.70832
Participant_BPF_53,6,0.004381602,0.10341796875,0.09106445,0.045043945,-0.046020508,0.07793553173542023,21.049316
Participant_BPF_53,7,0.004284494,0.10306396484375,0.09277344,0.045043945,-0.047729492,0.180074542760849,23.872866
Participant_BPF_53,8,0.0049308585,0.102490234375,0.18856812,0.09555054,-0.09301758,0.3734286427497864,61.556877
Participant_BPF_53,9,0.00588053,0.10543212890625,0.24182129,0.13388062,-0.107940674,0.7541554570198059,72.97844
Participant_BPF_54,3,0.0018911229,0.11153564453125,0.12701416,0.068359375,-0.058654785,1.082334280014038,254.82889
Participant_BPF_54,4,0.0017624575,0.10791015625,0.09512329,0.048095703,-0.047027588,-0.05927927419543266,152.32013
Participant_BPF_54,5,0.0016709985,0.1032470703125,0.10284424,0.05581665,-0.047027588,1.301421880722046,167.08939
Participant_BPF_54,6,0.0015572023,0.10384521484375,0.09146118,0.05581665,-0.03564453,2.5363001823425293,168.76642
Participant_BPF_54,7,0.0013383115,0.1052978515625,0.03817749,0.018066406,-0.020111084,-0.4404805302619934,22.44756
Participant_BPF_54,8,0.0012466271,0.106005859375,0.025238037,0.012268066,-0.012969971,-0.08040113002061844,14.13905
Participant_BPF_54,9,0.0012248164,0.1051025390625,0.025238037,0.012268066,-0.012969971,0.08831522613763809,12.999936
Participant_BPF_55,3,0.0096895415,0.08212890625,0.16311646,0.07247925,-0.09063721,-0.876522421836853,16.586163
Participant_BPF_55,4,0.009604829,0.08101806640625,0.16186523,0.07247925,-0.08938599,-0.8575471639633179,17.089357
Participant_BPF_55,5,0.009214152,0.08157958984375,0.15258789,0.06350708,-0.08908081,-0.7027332186698914,16.12308
Participant_BPF_55,6,0.009206383,0.0827880859375,0.14761353,0.06350708,-0.084106445,-0.5751014947891235,15.579151
Participant_BPF_55,7,0.009005231,0.083154296875,0.14498901,0.05871582,-0.08627319,-0.7971673011779785,17.439775
Participant_BPF_55,8,0.009208737,0.08453369140625,0.23553467,0.14611816,-0.089416504,-0.37444382905960083,24.83383
Participant_BPF_55,9,0.009302127,0.08712158203125,0.2758484,0.15991211,-0.11593628,0.0581178292632103,35.579735
Participant_BPF_56,3,0.0033824653,0.11224365234375,0.2843933,0.16348267,-0.120910645,4.140465259552002,399.513
Participant_BPF_56,4,0.0036581077,0.10821533203125,0.2843933,0.16348267,-0.120910645,3.2600111961364746,334.4996
Participant_BPF_56,5,0.0031639668,0.1068359375,0.1876831,0.11254883,-0.07513428,1.467091679573059,191.00742
Participant_BPF_56,6,0.0031689063,0.11025390625,0.18057251,0.11254883,-0.06802368,1.968553900718689,183.28989
Participant_BPF_56,7,0.0027916117,0.10902099609375,0.11303711,0.0491333,-0.06390381,-0.7683074474334717,74.87632
Participant_BPF_56,8,0.0022874551,0.10687255859375,0.097076416,0.04647827,-0.050598145,-0.3524055778980255,48.41229
Participant_BPF_56,9,0.002087272,0.10731201171875,0.046447754,0.022613525,-0.023834229,-0.10367105156183243,6.073248
Participant_BPF_57,3,0.005466035,0.10914306640625,0.6078186,0.34692383,-0.26089478,6.98410701751709,722.6657
Participant_BPF_57,4,0.003542853,0.1053955078125,0.12783813,0.07928467,-0.048553467,1.1478393077850342,53.43196
Participant_BPF_57,5,0.0036156892,0.1024658203125,0.10525513,0.055877686,-0.04937744,0.11962255090475082,35.72783
Participant_BPF_57,6,0.0034391605,0.1044677734375,0.17953491,0.10461426,-0.074920654,1.3471794128417969,110.1532
Participant_BPF_57,7,0.003207293,0.1043701171875,0.17953491,0.10461426,-0.074920654,2.1022138595581055,141.33179
Participant_BPF_57,8,0.00303713,0.10426025390625,0.0914917,0.040527344,-0.050964355,-0.127052903175354,33.818264
Participant_BPF_57,9,0.003051668,0.10435791015625,0.0914917,0.040527344,-0.050964355,-0.3574674427509308,34.96174
Participant_BPF_58,3,0.002725305,0.1007568359375,0.15447998,0.080444336,-0.074035645,1.5457558631896973,156.42307
Participant_BPF_58,4,0.0022676983,0.0998046875,0.15447998,0.080444336,-0.074035645,1.5300939083099365,217.667
Participant_BPF_58,5,0.0015951436,0.09993896484375,0.045959473,0.025054932,-0.020904541,-0.20829224586486816,20.592436
Participant_BPF_58,6,0.0018484484,0.09873046875,0.061340332,0.03668213,-0.024658203,0.6484824419021606,33.735115
Participant_BPF_58,7,0.0020034886,0.09896240234375,0.061340332,0.03668213,-0.024658203,0.6301943063735962,29.042774
Participant_BPF_58,8,0.0019496887,0.10513916015625,0.03982544,0.022521973,-0.017303467,-0.10591819137334824,12.254878
Participant_BPF_58,9,0.001802928,0.10419921875,0.0289917,0.013885498,-0.015106201,-0.3600601255893707,10.478901
Participant_BPF_59,3,0.0061819768,0.09630126953125,0.15332031,0.086517334,-0.06680298,0.26331469416618347,16.766275
Participant_BPF_59,4,0.004278854,0.09351806640625,0.09194946,0.047668457,-0.044281006,-0.18748828768730164,23.252275
Participant_BPF_59,5,0.004214292,0.09398193359375,0.08319092,0.045043945,-0.038146973,-0.08711371570825577,18.422922
Participant_BPF_59,6,0.005061279,0.0969970703125,0.109069824,0.04925537,-0.059814453,-0.1561737060546875,17.522917
Participant_BPF_59,7,0.0052411472,0.0998291015625,0.12261963,0.052093506,-0.07052612,-0.2806072235107422,19.304995
Participant_BPF_59,8,0.004650659,0.1008056640625,0.12261963,0.052093506,-0.07052612,-0.2788720726966858,21.0932
Participant_BPF_59,9,0.004647024,0.09793701171875,0.100494385,0.060760498,-0.039733887,-0.1686050146818161,19.347263
Participant_BPF_60,3,0.0033754278,0.112890625,0.07940674,0.042999268,-0.03640747,0.266838401556015,11.616799
Participant_BPF_60,4,0.003429798,0.11011962890625,0.08703613,0.050628662,-0.03640747,0.3311186134815216,13.276073
Participant_BPF_60,5,0.003450223,0.11082763671875,0.10421753,0.050628662,-0.053588867,0.1614750176668167,23.570717
Participant_BPF_60,6,0.0035262287,0.114892578125,0.11126709,0.057678223,-0.053588867,0.09550832211971283,26.624813
Participant_BPF_60,7,0.0032116182,0.1170166015625,0.10668945,0.057678223,-0.04901123,0.2689164876937866,19.328753
Participant_BPF_60,8,0.003253969,0.11448974609375,0.09786987,0.042175293,-0.05569458,-0.36413633823394775,27.52613
Participant_BPF_60,9,0.0038967237,0.10867919921875,0.17156982,0.0965271,-0.075042725,0.7062371373176575,59.816437
Participant_BPF_61,3,0.007250662,0.1209228515625,0.38354492,0.17593384,-0.20761108,-0.48108774423599243,183.88492
Participant_BPF_61,4,0.004560535,0.12501220703125,0.38354492,0.17593384,-0.20761108,-0.39054545760154724,368.58432
Participant_BPF_61,5,0.0025454625,0.1261962890625,0.07336426,0.037200928,-0.03616333,0.1261271834373474,33.764954
Participant_BPF_61,6,0.0032204322,0.129150390625,0.27929688,0.1211853,-0.15811157,-1.5115151405334473,404.72162
Participant_BPF_61,7,0.0034275942,0.13262939453125,0.27929688,0.1211853,-0.15811157,-1.3366551399230957,351.4755
Participant_BPF_61,8,0.0024406817,0.1376708984375,0.10055542,0.05053711,-0.05001831,0.2533295452594757,63.920464
Participant_BPF_61,9,0.0021034635,0.13740234375,0.06472778,0.035949707,-0.028778076,0.11902555078268051,24.483452
Participant_BPF_62,3,0.0040862383,0.1124755859375,0.30142212,0.12420654,-0.17721558,-5.8343892097473145,382.93704
Participant_BPF_62,4,0.0023352026,0.1119384765625,0.13726807,0.07815552,-0.05911255,2.7563483715057373,176.46617
Participant_BPF_62,5,0.0022341267,0.11591796875,0.1298523,0.061523438,-0.06832886,0.9504329562187195,168.96162
Participant_BPF_62,6,0.0018951552,0.11724853515625,0.1298523,0.061523438,-0.06832886,-0.21660616993904114,229.79211
Participant_BPF_62,7,0.0016598224,0.11654052734375,0.030944824,0.017486572,-0.013458252,0.16958864033222198,14.579405
Participant_BPF_62,8,0.0018180546,0.11300048828125,0.042022705,0.02444458,-0.017578125,0.333783358335495,17.540949
Participant_BPF_62,9,0.0020566946,0.1140625,0.1026001,0.055114746,-0.04748535,0.7106204628944397,92.476395
Participant_BPF_63,3,0.005705877,0.11490478515625,0.29077148,0.12567139,-0.1651001,-1.2977498769760132,100.45507
Participant_BPF_63,4,0.0057586227,0.11546630859375,0.3140564,0.15582275,-0.15823364,-0.6501730680465698,108.611
Participant_BPF_63,5,0.0068618977,0.112158203125,0.59121704,0.2795105,-0.31170654,-2.6406381130218506,436.8436
Participant_BPF_63,6,0.005809056,0.1127685546875,0.59121704,0.2795105,-0.31170654,-3.3723816871643066,675.98285
Participant_BPF_63,7,0.004970922,0.11734619140625,0.18423462,0.06890869,-0.11532593,-0.64857417345047,52.571148
Participant_BPF_63,8,0.0048197643,0.11734619140625,0.18423462,0.06890869,-0.11532593,-0.8186087012290955,55.214478
Participant_BPF_63,9,0.0045553194,0.1150634765625,0.20532227,0.10925293,-0.096069336,0.4546847939491272,59.372787
Participant_BPF_64,3,0.005435753,0.10982666015625,0.3784485,0.16363525,-0.21481323,-1.6930478811264038,195.93506
Participant_BPF_64,4,0.0053589614,0.1068115234375,0.3784485,0.16363525,-0.21481323,-1.5467606782913208,208.29881
Participant_BPF_64,5,0.0048763594,0.10650634765625,0.24069214,0.114868164,-0.12582397,-0.7633618712425232,85.416435
Participant_BPF_64,6,0.0041290047,0.108447265625,0.20800781,0.08218384,-0.12582397,-1.557629108428955,104.052155
Participant_BPF_64,7,0.004345212,0.1101318359375,0.15548706,0.07748413,-0.07800293,-0.39639174938201904,44.473347
Participant_BPF_64,8,0.00461148,0.111279296875,0.15548706,0.07748413,-0.07800293,-0.21957488358020782,39.155933
Participant_BPF_64,9,0.0039150165,0.11097412109375,0.11276245,0.05908203,-0.05368042,0.014267733320593834,19.47916
Participant_BPF_65,3,0.00574427,0.091455078125,0.37805176,0.18746948,-0.19058228,-0.42258694767951965,215.21027
Participant_BPF_65,4,0.005559907,0.08924560546875,0.37805176,0.18746948,-0.19058228,-0.39376306533813477,235.98985
Participant_BPF_65,5,0.004806859,0.09049072265625,0.10586548,0.055603027,-0.05026245,0.31780120730400085,22.829018
Participant_BPF_65,6,0.004620025,0.095556640625,0.10839844,0.058135986,-0.05026245,0.4853491485118866,23.008913
Participant_BPF_65,7,0.004937392,0.09600830078125,0.11709595,0.06732178,-0.04977417,1.1216981410980225,27.748806
Participant_BPF_65,8,0.0050108656,0.09422607421875,0.11691284,0.06732178,-0.049591064,1.106343388557434,27.673489
Participant_BPF_65,9,0.0050739683,0.09534912109375,0.11935425,0.06661987,-0.052734375,0.8799391984939575,26.385702
Participant_BPF_66,3,0.006057153,0.095068359375,0.11465454,0.06201172,-0.052642822,0.04918671399354935,5.873493
Participant_BPF_66,4,0.0060091987,0.09615478515625,0.14968872,0.074798584,-0.07489014,-0.12297163903713226,12.009184
Participant_BPF_66,5,0.005938503,0.09854736328125,0.14968872,0.074798584,-0.07489014,-0.08204890042543411,12.703429
Participant_BPF_66,6,0.0057253465,0.098095703125,0.3164673,0.16192627,-0.15454102,0.7777244448661804,96.87848
Participant_BPF_66,7,0.005980161,0.0964111328125,0.3164673,0.16192627,-0.15454102,0.6180052161216736,93.87747
Participant_BPF_66,8,0.0055497494,0.098876953125,0.17080688,0.08087158,-0.0899353,0.017163168638944626,18.64028
Participant_BPF_66,9,0.00581493,0.101123046875,0.3380432,0.16589355,-0.17214966,0.33523470163345337,126.73631
Participant_BPF_67,3,0.007796739,0.0776611328125,0.13330078,0.059326172,-0.07397461,-0.6830450892448425,10.196842
Participant_BPF_67,4,0.007874206,0.07822265625,0.1343689,0.059326172,-0.075042725,-0.45724400877952576,8.551444
Participant_BPF_67,5,0.0082091,0.0799560546875,0.15286255,0.0753479,-0.07751465,-0.4043929874897003,8.621556
Participant_BPF_67,6,0.008613074,0.081396484375,0.1796875,0.0753479,-0.1043396,-0.3036562204360962,10.751299
Participant_BPF_67,7,0.009557796,0.08314208984375,0.35806274,0.1338501,-0.22421265,-0.992949366569519,43.08889
Participant_BPF_67,8,0.009907266,0.0825439453125,0.35806274,0.1338501,-0.22421265,-1.1084519624710083,38.557972
Participant_BPF_67,9,0.008537714,0.080517578125,0.2083435,0.07388306,-0.13446045,-0.6677769422531128,14.622107
Participant_BPF_68,3,0.012381424,0.0971923828125,0.50494385,0.28240967,-0.22253418,1.462226152420044,71.909615
Participant_BPF_68,4,0.010979543,0.0962158203125,0.50494385,0.28240967,-0.22253418,1.0333781242370605,67.16741
Participant_BPF_68,5,0.009599902,0.09384765625,0.19052124,0.10348511,-0.08703613,0.5591986775398254,17.046915
Participant_BPF_68,6,0.009484669,0.093408203125,0.17715454,0.09011841,-0.08703613,0.31081879138946533,16.09024
Participant_BPF_68,7,0.009730687,0.09666748046875,0.18252563,0.09637451,-0.08615112,0.2844005525112152,15.527449
Participant_BPF_68,8,0.009291858,0.0990966796875,0.18655396,0.09637451,-0.09017944,0.17832641303539276,16.026602
Participant_BPF_68,9,0.008447099,0.09727783203125,0.18145752,0.091278076,-0.09017944,0.09921716153621674,17.35056
Participant_BPF_69,3,0.009252185,0.0968994140625,0.18670654,0.09539795,-0.091308594,-0.09754115343093872,11.271331
Participant_BPF_69,4,0.012391115,0.09693603515625,0.7215576,0.32669067,-0.39486694,-0.7467330694198608,113.52895
Participant_BPF_69,5,0.012755191,0.0950927734375,0.7215576,0.32669067,-0.39486694,-0.8374565243721008,112.645164
Participant_BPF_69,6,0.010371139,0.0974853515625,0.3171692,0.13909912,-0.17807007,-0.6404714584350586,39.64503
Participant_BPF_69,7,0.009318693,0.09881591796875,0.24700928,0.120025635,-0.12698364,-0.10022057592868805,25.138906
Participant_BPF_69,8,0.008863878,0.096826171875,0.23626709,0.119018555,-0.117248535,0.40153929591178894,24.157753
Participant_BPF_69,9,0.010145416,0.09755859375,0.4057312,0.20703125,-0.19869995,0.4275524318218231,61.90188
Participant_BPF_70,3,0.006211671,0.1123779296875,0.3951416,0.19003296,-0.20510864,-0.5646297931671143,146.1374
Participant_BPF_70,4,0.004949309,0.1107177734375,0.34872437,0.19003296,-0.1586914,1.0194478034973145,167.74387
Participant_BPF_70,5,0.0032936495,0.11231689453125,0.17507935,0.08886719,-0.08621216,0.3405599594116211,121.54883
Participant_BPF_70,6,0.0029339038,0.11138916015625,0.1234436,0.05621338,-0.067230225,-0.6647964119911194,75.68484
Participant_BPF_70,7,0.002410995,0.1064208984375,0.1234436,0.05621338,-0.067230225,-0.41788890957832336,81.79955
Participant_BPF_70,8,0.003019149,0.106982421875,0.12814331,0.07122803,-0.056915283,0.11895183473825455,80.51126
Participant_BPF_70,9,0.0037175906,0.1076904296875,0.12896729,0.07122803,-0.057739258,-0.07386155426502228,61.941574
Participant_BPF_71,3,0.00894664,0.1087890625,0.56362915,0.23937988,-0.32424927,-1.4946553707122803,168.22261
Participant_BPF_71,4,0.005691609,0.0966064453125,0.20904541,0.10491943,-0.10412598,-0.09618277102708817,58.894836
Participant_BPF_71,5,0.0043656765,0.0935791015625,0.18331909,0.11355591,-0.06976318,0.9600162506103516,69.49772
Participant_BPF_71,6,0.004269883,0.0947998046875,0.1817627,0.11355591,-0.06820679,1.866640567779541,78.18985
Participant_BPF_71,7,0.0038702958,0.0969482421875,0.14422607,0.08401489,-0.06021118,1.1042392253875732,47.440605
Participant_BPF_71,8,0.004007605,0.093896484375,0.14797974,0.06976318,-0.07821655,0.014682190492749214,41.955235
Participant_BPF_71,9,0.0042262017,0.093994140625,0.14797974,0.06976318,-0.07821655,0.13110435009002686,36.537273
Participant_BPF_72,3,0.0039616125,0.0894775390625,0.100128174,0.057525635,-0.04260254,0.1113140881061554,10.563562
Participant_BPF_72,4,0.0037720564,0.0871826171875,0.100128174,0.057525635,-0.04260254,0.12901408970355988,11.861069
Participant_BPF_72,5,0.0035478962,0.08848876953125,0.042510986,0.02130127,-0.021209717,-0.11460267007350922,5.663658
Participant_BPF_72,6,0.003709387,0.0920166015625,0.06326294,0.031951904,-0.031311035,-0.09602942317724228,6.847479
Participant_BPF_72,7,0.0036185298,0.08984375,0.06326294,0.031951904,-0.031311035,-0.031171564012765884,7.7094507
Participant_BPF_72,8,0.0036470487,0.08756103515625,0.049194336,0.025024414,-0.024169922,-0.006974631454795599,7.4344482
Participant_BPF_72,9,0.00391028,0.09033203125,0.09661865,0.054748535,-0.041870117,0.19588612020015717,12.626641
Participant_BPF_73,3,0.0032998696,0.11353759765625,0.076934814,0.03857422,-0.038360596,0.11542578786611557,14.863171
Participant_BPF_73,4,0.0050182696,0.11533203125,0.584198,0.23199463,-0.35220337,-7.3163604736328125,949.7519
Participant_BPF_73,5,0.005110561,0.11529541015625,0.584198,0.23199463,-0.35220337,-7.184733867645264,929.3725
Participant_BPF_73,6,0.0037690245,0.11630859375,0.1317749,0.070739746,-0.061035156,0.42513301968574524,39.357822
Participant_BPF_73,7,0.0039842217,0.11795654296875,0.1317749,0.070739746,-0.061035156,0.46289539337158203,45.56893
Participant_BPF_73,8,0.0037790406,0.11798095703125,0.124572754,0.068115234,-0.05645752,0.500908613204956,34.44356
Participant_BPF_73,9,0.003525292,0.11995849609375,0.10321045,0.060943604,-0.042266846,0.36743584275245667,21.280033
Participant_BPF_74,3,0.0050497637,0.0969482421875,0.22958374,0.13500977,-0.094573975,0.40448197722435,90.85578
Participant_BPF_74,4,0.0052885176,0.09825439453125,0.22958374,0.13500977,-0.094573975,0.5248639583587646,83.49974
Participant_BPF_74,5,0.0044174613,0.10101318359375,0.13223267,0.06668091,-0.06555176,0.13542842864990234,24.526041
Participant_BPF_74,6,0.0046371887,0.1031982421875,0.16470337,0.09359741,-0.07110596,0.5358701944351196,37.13642
Participant_BPF_74,7,0.0045528165,0.10279541015625,0.16470337,0.09359741,-0.07110596,0.39982473850250244,38.43627
Participant_BPF_74,8,0.003763354,0.1022705078125,0.08392334,0.045562744,-0.038360596,-0.07573787122964859,16.56399
Participant_BPF_74,9,0.0037880833,0.10491943359375,0.08102417,0.045562744,-0.035461426,0.030308030545711517,13.335197
Participant_BPF_75,3,0.0034444972,0.09798583984375,0.055267334,0.0317688,-0.023498535,0.586338996887207,13.029688
Participant_BPF_75,4,0.003406763,0.09990234375,0.05734253,0.031829834,-0.025512695,0.7680936455726624,16.148672
Participant_BPF_75,5,0.0032391592,0.09957275390625,0.05734253,0.031829834,-0.025512695,0.7534573674201965,16.61814
Participant_BPF_75,6,0.003219047,0.10208740234375,0.06338501,0.03173828,-0.03164673,0.5929989218711853,16.284065
Participant_BPF_75,7,0.0036647576,0.10120849609375,0.10360718,0.06518555,-0.03842163,1.013268232345581,25.883419
Participant_BPF_75,8,0.0036355853,0.09947509765625,0.10360718,0.06518555,-0.03842163,0.9341908693313599,26.152172
Participant_BPF_75,9,0.0037640973,0.10184326171875,0.15621948,0.08621216,-0.070007324,0.6923723816871643,54.829205
Participant_BPF_76,3,0.0029042496,0.1146728515625,0.18322754,0.10180664,-0.0814209,1.1617515087127686,261.52985
Participant_BPF_76,4,0.0030596524,0.11334228515625,0.16989136,0.08581543,-0.08407593,-0.1925933063030243,177.92728
Participant_BPF_76,5,0.0025484911,0.11329345703125,0.16989136,0.08581543,-0.08407593,-0.6175150275230408,224.19237
Participant_BPF_76,6,0.001354792,0.11051025390625,0.026123047,0.014312744,-0.011810303,0.2251279652118683,11.453794
Participant_BPF_76,7,0.0014050198,0.11185302734375,0.041107178,0.023162842,-0.017944336,0.08584267646074295,21.777464
Participant_BPF_76,8,0.0016158338,0.11180419921875,0.042022705,0.023162842,-0.018859863,0.009543580934405327,21.904558
Participant_BPF_76,9,0.0015323439,0.10946044921875,0.034484863,0.015625,-0.018859863,0.02749776281416416,18.024687
Participant_BPF_77,3,0.008347517,0.0999267578125,0.74142456,0.41659546,-0.3248291,1.5504250526428223,252.4565
Participant_BPF_77,4,0.005666811,0.10006103515625,0.36694336,0.1567688,-0.21017456,-0.8744003772735596,209.32733
Participant_BPF_77,5,0.0059650023,0.1032470703125,0.36694336,0.1567688,-0.21017456,-0.7623117566108704,179.68677
Participant_BPF_77,6,0.00586998,0.10516357421875,0.16934204,0.08312988,-0.08621216,0.21737365424633026,30.057487
Participant_BPF_77,7,0.0055742348,0.1039794921875,0.16934204,0.08312988,-0.08621216,0.25294074416160583,31.504677
Participant_BPF_77,8,0.0052112183,0.1010498046875,0.22003174,0.109802246,-0.11022949,0.2174215018749237,63.73098
Participant_BPF_77,9,0.005061027,0.10335693359375,0.22003174,0.109802246,-0.11022949,0.16077740490436554,69.557
Participant_BPF_78,3,0.006167927,0.07830810546875,0.08181763,0.04043579,-0.041381836,0.02033652551472187,5.718755
Participant_BPF_78,4,0.006094381,0.0824951171875,0.07852173,0.03945923,-0.0390625,-0.00449400907382369,5.138278
Participant_BPF_78,5,0.0060543143,0.08394775390625,0.10598755,0.06109619,-0.044891357,-0.00994562916457653,5.302699
Participant_BPF_78,6,0.006581926,0.08636474609375,0.124572754,0.07144165,-0.053131104,0.1098545491695404,8.102686
Participant_BPF_78,7,0.006766169,0.0870849609375,0.124572754,0.07144165,-0.053131104,0.08634481579065323,7.6513395
Participant_BPF_78,8,0.00598768,0.08203125,0.07424927,0.036254883,-0.037994385,0.01168309710919857,4.9239817
Participant_BPF_78,9,0.00572709,0.0796630859375,0.06808472,0.0335083,-0.034576416,-0.011166556738317013,4.351131
